,Time_Step,Service_ID,Service_week,Demand_ID,Containers_Moved,Demand_Announce_time,Demand_Release_time,Demand_Due_time,Storage_hours,delay_hours,Number of transshipments,storage_cost,delay_penalty,handling_cost,transportation_cost,real_objective,Potential_Services,Potential_Requests,Solution_Number,Objective_Value
0,0,"Barge01, Barge39",0,Request1,7,0,3,76,50.0,7.5,1,50.0,7.5,84.0,225.65515,670.1551499999999,80,0,1,670.155150000006
1,0,"Barge17, Truck29",0,Request1,7,0,3,76,0.0,0.0,1,0.0,0.0,294.0,564.2742000000001,711.2742000000001,476,0,2,774.2742000000144
2,0,"Barge18, Truck29",0,Request1,7,0,3,76,0.0,0.0,1,0.0,0.0,294.0,564.2742000000001,711.2742000000001,477,0,3,816.2742000000144
3,0,Barge31,0,Request1,7,0,3,76,0.0,0.0,0,0.0,0.0,42.0,110.87230000000001,152.87230000000002,120,0,4,838.8722999999882
4,0,"Barge19, Truck29",0,Request1,7,0,3,76,0.0,0.0,1,0.0,0.0,294.0,564.2742000000001,711.2742000000001,478,0,5,942.2742000000144
5,0,"Barge20, Truck29",0,Request1,7,0,3,76,0.0,0.0,1,0.0,0.0,294.0,564.2742000000001,711.2742000000001,479,0,6,984.2742000000144
6,0,"Barge04, Barge48, Truck32",0,Request1,7,0,3,76,0.0,0.0,2,0.0,0.0,336.0,729.1998000000001,876.1998000000001,439,0,7,1030.1998000000021
7,0,"Barge05, Barge48, Truck32",0,Request1,7,0,3,76,0.0,0.0,2,0.0,0.0,336.0,645.1998000000001,792.1998000000001,447,0,8,1030.1998000000021
8,0,"Barge06, Barge48, Truck32",0,Request1,7,0,3,76,0.0,0.0,2,0.0,0.0,336.0,561.1998000000001,708.1998000000001,455,0,9,1030.1998000000021
9,0,"Barge07, Barge48, Truck32",0,Request1,7,0,3,76,0.0,0.0,2,0.0,0.0,336.0,477.19980000000004,624.1998000000001,463,0,10,1030.1998000000021
10,1,"Barge17, Truck30",0,Request2,29,1,0,112,12.0,0.0,1,12.0,0.0,1218.0,3236.6784,4193.6784,556,1,1,4193.678400000004
11,1,"Barge18, Truck30",0,Request2,29,1,0,112,0.0,0.0,1,0.0,0.0,1218.0,3236.6784,3845.6784,557,1,2,4367.678400000004
12,1,"Barge19, Truck30",0,Request2,29,1,0,112,0.0,0.0,1,0.0,0.0,1218.0,3236.6784,3845.6784,558,1,3,4889.678400000004
13,1,"Barge20, Truck30",0,Request2,29,1,0,112,0.0,0.0,1,0.0,0.0,1218.0,3236.6784,3845.6784,559,1,4,5063.678400000004
14,1,"Barge04, Barge48, Truck33",0,Request2,29,1,0,112,0.0,0.0,2,0.0,0.0,1392.0,4055.2846,4664.2846,519,1,5,5099.284600000014
15,1,"Barge06, Barge48, Truck33",0,Request2,29,1,0,112,0.0,0.0,2,0.0,0.0,1392.0,3359.2846,3968.2846,535,1,6,5099.284600000014
16,1,"Barge05, Barge48, Truck33",0,Request2,29,1,0,112,0.0,0.0,2,0.0,0.0,1392.0,3707.2846,4316.2846,527,1,7,5099.284600000014
17,1,"Barge07, Barge48, Truck33",0,Request2,29,1,0,112,0.0,0.0,2,0.0,0.0,1392.0,3011.2846,3620.2846,543,1,8,5099.284600000014
18,1,"Barge03, Barge48, Truck33",0,Request2,29,1,0,112,0.0,0.0,2,0.0,0.0,1392.0,4403.2846,5012.2846,511,1,9,5099.284600000014
19,1,"Barge17, Train30",0,Request2,29,1,0,112,0.0,0.0,1,0.0,0.0,1218.0,4184.94215,4793.94215,163,1,10,5243.442149999988
20,2,Barge04,0,Request3,11,2,9,122,6.0,0.0,0,6.0,0.0,66.0,51.2435,183.2435,5,2,1,183.2435000000114
21,2,Barge05,0,Request3,11,2,9,122,0.0,0.0,0,0.0,0.0,66.0,51.2435,117.2435,6,2,2,315.2435000000114
22,2,Barge06,0,Request3,11,2,9,122,0.0,0.0,0,0.0,0.0,66.0,51.2435,117.2435,7,2,3,447.2435000000114
23,2,Barge07,0,Request3,11,2,9,122,0.0,0.0,0,0.0,0.0,66.0,51.2435,117.2435,8,2,4,579.2435000000114
24,2,Barge08,0,Request3,11,2,9,122,0.0,0.0,0,0.0,0.0,66.0,51.2435,117.2435,9,2,5,711.2435000000114
25,2,Barge09,0,Request3,11,2,9,122,0.0,0.0,0,0.0,0.0,66.0,51.2435,117.2435,10,2,6,843.2435000000114
26,2,Barge10,0,Request3,11,2,9,122,0.0,0.0,0,0.0,0.0,66.0,51.2435,117.2435,11,2,7,975.2435000000114
27,2,Barge11,0,Request3,11,2,9,122,0.0,0.0,0,0.0,0.0,66.0,51.2435,117.2435,12,2,8,1107.2435000000114
28,2,"Barge02, Barge42",0,Request3,11,2,9,122,0.0,0.0,1,0.0,0.0,132.0,589.86785,655.86785,3,2,9,1139.8678500000096
29,2,"Barge01, Barge34",0,Request3,11,2,9,122,0.0,0.0,1,0.0,0.0,132.0,594.61655,660.61655,2,2,10,1144.616550000006
30,3,"Barge26, Train32",0,Request4,22,3,44,166,38.0,0.0,1,38.0,0.0,924.0,1575.7489,2873.7489000000005,170,3,1,2873.748900000006
31,3,"Barge07, Barge48, Truck33",0,Request4,22,3,44,166,0.0,0.0,2,0.0,0.0,1056.0,2284.4228000000003,2746.4228000000003,543,3,2,2900.4228000000003
32,3,"Barge21, Train30",0,Request4,22,3,44,166,0.0,0.0,1,0.0,0.0,924.0,2118.7837,2580.7837,167,3,3,2932.7837
33,3,"Barge22, Train30",0,Request4,22,3,44,166,0.0,0.0,1,0.0,0.0,924.0,1986.7837000000002,2448.7837,168,3,4,2932.7837
34,3,"Barge23, Train30",0,Request4,22,3,44,166,0.0,0.0,1,0.0,0.0,924.0,1458.7836999999997,1920.7836999999997,169,3,5,2932.7837
35,3,"Barge07, Barge48, Train32",0,Request4,22,3,44,166,0.0,0.0,2,0.0,0.0,1056.0,2322.2463000000002,2784.2463000000002,156,3,6,2938.246299999999
36,3,"Barge07, Barge47, Train30",0,Request4,22,3,44,166,0.0,0.0,2,0.0,0.0,1056.0,2379.7785,2841.7785,155,3,7,2995.778499999986
37,3,"Barge08, Barge47, Train30",0,Request4,22,3,44,166,0.0,0.0,2,0.0,0.0,1056.0,2115.7785,2577.7785,159,3,8,2995.778499999986
38,3,"Barge09, Barge47, Train30",0,Request4,22,3,44,166,0.0,0.0,2,0.0,0.0,1056.0,1851.7785000000001,2313.7785,162,3,9,2995.778499999986
39,3,"Barge01, Barge36, Train30",0,Request4,22,3,44,166,0.0,0.0,2,0.0,0.0,1056.0,2336.5298,2798.5298,131,3,10,2996.5297999999893
40,4,Barge31,0,Request5,24,4,74,168,6.0,0.0,0,6.0,0.0,144.0,380.1336,668.1336000000001,120,4,1,668.133600000001
41,4,"Barge26, Barge49",0,Request5,24,4,74,168,0.0,0.0,1,0.0,0.0,288.0,1013.6748,1157.6748,119,4,2,1349.674800000008
42,4,"Barge26, Truck32",0,Request5,24,4,74,168,0.0,0.0,1,0.0,0.0,1008.0,1145.7528,1649.7528,483,4,3,1841.7527999999875
43,4,"Barge23, Train29",0,Request5,24,4,74,168,0.0,0.0,1,0.0,0.0,1008.0,1315.9164,1819.9163999999998,118,4,4,2203.9163999999873
44,4,"Barge09, Barge47, Train29",0,Request5,24,4,74,168,0.0,0.0,2,0.0,0.0,1152.0,1744.6380000000001,2248.638,111,4,5,2272.6380000000063
45,4,"Barge23, Truck29",0,Request5,24,4,74,168,0.0,0.0,1,0.0,0.0,1008.0,1934.6544000000001,2438.6544000000004,482,4,6,2822.6543999999994
46,4,"Barge09, Barge47, Truck29",0,Request5,24,4,74,168,0.0,0.0,2,0.0,0.0,1152.0,2447.376,2951.376,475,4,7,2975.3759999999893
47,4,Train13,0,Request5,24,4,74,168,0.0,0.0,0,0.0,0.0,864.0,1257.42,2121.42,130,4,8,2985.420000000013
48,4,"Train10, Barge49",0,Request5,24,4,74,168,0.0,0.0,1,0.0,0.0,1008.0,2932.806,3436.8059999999996,128,4,9,3460.8060000000114
49,4,"Train11, Barge49",0,Request5,24,4,74,168,0.0,0.0,1,0.0,0.0,1008.0,2356.806,2860.806,129,4,10,3460.8060000000114
50,5,Barge27,0,Request6,28,5,94,151,8.0,0.0,0,8.0,0.0,168.0,417.4016,809.4016,70,5,1,809.401600000012
51,5,Train11,0,Request6,28,5,94,151,0.0,0.0,0,0.0,0.0,1008.0,1760.3880000000001,2768.3880000000004,73,5,2,2908.3880000000063
52,5,Train12,0,Request6,28,5,94,151,0.0,0.0,0,0.0,0.0,1008.0,1760.3880000000001,2768.3880000000004,74,5,3,3300.3880000000063
53,6,Barge39,0,Request7,28,6,13,90,53.0,0.0,0,53.0,0.0,168.0,456.53299999999996,2108.533,263,6,1,2108.532999999996
54,6,"Barge35, Truck29",0,Request7,28,6,13,90,0.0,0.0,1,0.0,0.0,1176.0,2270.1405999999997,2858.1405999999997,679,6,2,3250.1406000000134
55,6,"Barge33, Barge48, Truck32",0,Request7,28,6,13,90,0.0,0.0,2,0.0,0.0,1344.0,1907.8429999999998,2495.843,674,6,3,3559.8429999999935
56,6,"Barge33, Barge48, Barge49",0,Request7,28,6,13,90,0.0,0.0,2,0.0,0.0,504.0,2131.752,2299.752,258,6,4,4273.752000000008
57,6,Train21,0,Request7,28,6,13,90,0.0,0.0,0,0.0,0.0,1008.0,1613.6889999999999,2621.689,268,6,5,4413.689000000013
58,6,"Barge36, Truck29",0,Request7,28,6,13,90,0.0,0.0,1,0.0,0.0,1176.0,2270.1405999999997,2858.1405999999997,680,6,6,4722.940600000002
59,6,"Barge35, Train29",0,Request7,28,6,13,90,0.0,0.0,1,0.0,0.0,1176.0,3298.2796,3886.2796000000003,261,6,7,4936.279600000009
60,6,"Barge36, Train29",0,Request7,28,6,13,90,0.0,0.0,1,0.0,0.0,1176.0,1954.2795999999998,2542.2796,262,6,8,4936.279600000009
61,6,"Barge33, Barge47, Train29",0,Request7,28,6,13,90,0.0,0.0,2,0.0,0.0,1344.0,2706.4548,3294.4548,257,6,9,5016.454800000007
62,6,"Barge33, Train28, Truck32",0,Request7,28,6,13,90,0.0,0.0,2,0.0,0.0,2184.0,3776.3838000000005,4364.3838000000005,678,6,10,5428.3838000000105
63,7,"Barge33, Barge48, Truck33",0,Request8,12,7,40,152,11.0,0.0,2,11.0,0.0,576.0,1245.6390000000001,1629.639,696,7,1,1629.6389999999956
64,7,"Barge36, Train30",0,Request8,12,7,40,152,0.0,0.0,1,0.0,0.0,504.0,975.2904000000001,1227.2904,278,7,2,1647.290399999998
65,7,"Barge33, Barge48, Train32",0,Request8,12,7,40,152,0.0,0.0,2,0.0,0.0,576.0,1266.27,1518.27,274,7,3,1650.2699999999895
66,7,"Barge33, Barge47, Train30",0,Request8,12,7,40,152,0.0,0.0,2,0.0,0.0,576.0,1297.6512,1549.6512000000002,273,7,4,1681.651199999993
67,7,Train22,0,Request8,12,7,40,152,0.0,0.0,0,0.0,0.0,432.0,943.065,1375.065,283,7,5,1831.0650000000023
68,7,"Barge36, Truck30",0,Request8,12,7,40,152,0.0,0.0,1,0.0,0.0,504.0,1344.9054,1596.9053999999999,702,7,6,2016.9053999999887
69,7,"Barge33, Barge47, Truck30",0,Request8,12,7,40,152,0.0,0.0,2,0.0,0.0,576.0,1883.2662,2135.2662,694,7,7,2267.2662000000128
70,7,"Barge33, Train27, Train30",0,Request8,12,7,40,152,0.0,0.0,2,0.0,0.0,936.0,2007.0732,2259.0732,275,7,8,2391.0732000000135
71,7,"Barge33, Train28, Truck33",0,Request8,12,7,40,152,0.0,0.0,2,0.0,0.0,936.0,2046.4422000000002,2298.4422000000004,700,7,9,2430.4421999999904
72,7,"Barge33, Train28, Train32",0,Request8,12,7,40,152,0.0,0.0,2,0.0,0.0,936.0,2091.0732,2343.0732,276,7,10,2475.0732000000135
73,8,Barge39,0,Request9,27,8,12,143,54.0,0.0,0,54.0,0.0,162.0,440.22824999999995,2060.22825,263,8,1,2060.2282499999856
74,8,"Barge35, Truck29",0,Request9,27,8,12,143,0.0,0.0,1,0.0,0.0,1134.0,2189.0641499999997,2756.0641499999997,679,8,2,3161.064149999991
75,8,"Barge33, Barge48, Barge49",0,Request9,27,8,12,143,0.0,0.0,2,0.0,0.0,486.0,2055.618,2217.618,258,8,3,3270.6179999999877
76,8,"Barge33, Barge48, Truck32",0,Request9,27,8,12,143,0.0,0.0,2,0.0,0.0,1296.0,1839.7057499999999,2406.70575,674,8,4,3459.7057499999937
77,8,"Barge35, Train29",0,Request9,27,8,12,143,0.0,0.0,1,0.0,0.0,1134.0,3180.4838999999997,3747.4839,261,8,5,4152.483899999992
78,8,"Barge36, Train29",0,Request9,27,8,12,143,0.0,0.0,1,0.0,0.0,1134.0,1884.4839,2451.4838999999997,262,8,6,4152.483899999992
79,8,"Barge33, Barge47, Train29",0,Request9,27,8,12,143,0.0,0.0,2,0.0,0.0,1296.0,2609.7956999999997,3176.7956999999997,257,8,7,4229.795699999988
80,8,Train21,0,Request9,27,8,12,143,0.0,0.0,0,0.0,0.0,972.0,1556.0572499999998,2528.05725,268,8,8,4283.057250000013
81,8,"Barge36, Truck29",0,Request9,27,8,12,143,0.0,0.0,1,0.0,0.0,1134.0,2189.0641499999997,2756.0641499999997,680,8,9,4457.064149999991
82,8,"Barge33, Barge47, Truck29",0,Request9,27,8,12,143,0.0,0.0,2,0.0,0.0,1296.0,3400.37595,3967.37595,672,8,10,5020.375949999987
83,9,"Barge26, Train32",0,Request10,14,9,59,149,23.0,0.0,1,23.0,0.0,588.0,1002.7493,1618.7493,170,9,1,1618.7492999999959
84,9,"Barge21, Train30",0,Request10,14,9,59,149,0.0,0.0,1,0.0,0.0,588.0,1348.3169,1642.3169,167,9,2,1656.3169000000053
85,9,"Barge22, Train30",0,Request10,14,9,59,149,0.0,0.0,1,0.0,0.0,588.0,1264.3169,1558.3169,168,9,3,1656.3169000000053
86,9,"Barge23, Train30",0,Request10,14,9,59,149,0.0,0.0,1,0.0,0.0,588.0,928.3168999999998,1222.3168999999998,169,9,4,1656.3169000000053
87,9,"Barge08, Barge47, Train30",0,Request10,14,9,59,149,0.0,0.0,2,0.0,0.0,672.0,1346.4045,1640.4045,159,9,5,1696.4045000000042
88,9,"Barge09, Barge47, Train30",0,Request10,14,9,59,149,0.0,0.0,2,0.0,0.0,672.0,1178.4045,1472.4045,162,9,6,1696.4045000000042
89,9,"Barge26, Truck33",0,Request10,14,9,59,149,0.0,0.0,1,0.0,0.0,588.0,1167.6798,1461.6798,563,9,7,1783.6798000000126
90,9,"Barge21, Truck30",0,Request10,14,9,59,149,0.0,0.0,1,0.0,0.0,588.0,1562.5344,1856.5344,560,9,8,1870.534400000004
91,9,Train14,0,Request10,14,9,59,149,0.0,0.0,0,0.0,0.0,504.0,1026.893,1530.893,180,9,9,1936.893000000011
92,9,"Barge22, Truck30",0,Request10,14,9,59,149,0.0,0.0,1,0.0,0.0,588.0,1562.5344,1856.5344,561,9,10,1954.534400000004
93,10,"Barge04, Barge48",0,Request11,15,10,3,151,12.0,0.0,1,12.0,0.0,180.0,1047.5835,1317.5835,60,10,1,1317.583500000008
94,10,"Barge05, Barge48",0,Request11,15,10,3,151,0.0,0.0,1,0.0,0.0,180.0,867.5835000000001,957.5835000000001,62,10,2,1317.583500000008
95,10,"Barge06, Barge48",0,Request11,15,10,3,151,0.0,0.0,1,0.0,0.0,180.0,687.5835000000001,777.5835000000001,64,10,3,1317.583500000008
96,10,"Barge07, Barge48",0,Request11,15,10,3,151,0.0,0.0,1,0.0,0.0,180.0,507.5835,597.5835000000001,66,10,4,1317.583500000008
97,10,Barge26,0,Request11,15,10,3,151,0.0,0.0,0,0.0,0.0,90.0,223.608,313.608,69,10,5,1498.6080000000075
98,10,Barge27,0,Request11,15,10,3,151,0.0,0.0,0,0.0,0.0,90.0,223.608,313.608,70,10,6,1798.6080000000075
99,10,"Barge01, Barge37",0,Request11,15,10,3,151,0.0,0.0,1,0.0,0.0,180.0,1024.57125,1114.57125,54,10,7,1864.5712500000081
100,10,Train09,0,Request11,15,10,3,151,0.0,0.0,0,0.0,0.0,540.0,943.065,1483.065,71,10,8,2053.0650000000023
101,10,"Barge04, Train28",0,Request11,15,10,3,151,0.0,0.0,1,0.0,0.0,630.0,1823.5875,2138.5874999999996,61,10,9,2318.587499999994
102,10,"Barge05, Train28",0,Request11,15,10,3,151,0.0,0.0,1,0.0,0.0,630.0,1643.5875,1958.5874999999999,63,10,10,2318.587499999994
103,11,"Barge17, Truck30",0,Request12,9,11,0,88,12.0,0.0,1,12.0,0.0,378.0,1004.4864,1301.4864,556,11,1,1301.4863999999943
104,11,"Barge18, Truck30",0,Request12,9,11,0,88,0.0,0.0,1,0.0,0.0,378.0,1004.4864,1193.4864,557,11,2,1355.4863999999943
105,11,"Barge19, Truck30",0,Request12,9,11,0,88,0.0,0.0,1,0.0,0.0,378.0,1004.4864,1193.4864,558,11,3,1517.4863999999943
106,11,"Barge20, Truck30",0,Request12,9,11,0,88,0.0,0.0,1,0.0,0.0,378.0,1004.4864,1193.4864,559,11,4,1571.4863999999943
107,11,"Barge03, Barge48, Truck33",0,Request12,9,11,0,88,0.0,0.0,2,0.0,0.0,432.0,1366.5366,1555.5366,511,11,5,1582.5365999999922
108,11,"Barge05, Barge48, Truck33",0,Request12,9,11,0,88,0.0,0.0,2,0.0,0.0,432.0,1150.5366,1339.5366,527,11,6,1582.5365999999922
109,11,"Barge07, Barge48, Truck33",0,Request12,9,11,0,88,0.0,0.0,2,0.0,0.0,432.0,934.5366,1123.5366,543,11,7,1582.5365999999922
110,11,"Barge06, Barge48, Truck33",0,Request12,9,11,0,88,0.0,0.0,2,0.0,0.0,432.0,1042.5366,1231.5366,535,11,8,1582.5365999999922
111,11,"Barge04, Barge48, Truck33",0,Request12,9,11,0,88,0.0,0.0,2,0.0,0.0,432.0,1258.5366,1447.5366,519,11,9,1582.5365999999922
112,11,"Barge21, Truck30",0,Request12,9,11,0,88,0.0,0.0,1,0.0,0.0,378.0,1004.4864,1193.4864,560,11,10,1733.4863999999943
113,12,"Barge36, Train29",0,Request13,6,12,70,162,5.0,0.0,1,5.0,0.0,252.0,418.77419999999995,574.7742,262,12,1,574.7742000000144
114,12,Train21,0,Request13,6,12,70,162,0.0,0.0,0,0.0,0.0,216.0,345.79049999999995,561.7905,268,12,2,603.7905000000028
115,12,"Barge36, Truck29",0,Request13,6,12,70,162,0.0,0.0,1,0.0,0.0,252.0,486.45869999999996,612.4586999999999,680,12,3,642.4586999999883
116,12,"Train19, Barge49",0,Request13,6,12,70,162,0.0,0.0,1,0.0,0.0,252.0,761.637,887.6370000000001,266,12,4,917.6369999999879
117,12,"Train20, Barge49",0,Request13,6,12,70,162,0.0,0.0,1,0.0,0.0,252.0,617.637,743.637,267,12,5,917.6369999999879
118,12,"Train19, Truck32",0,Request13,6,12,70,162,0.0,0.0,1,0.0,0.0,432.0,695.6565,911.6564999999999,683,12,6,941.6565000000119
119,12,"Train17, Train29",0,Request13,6,12,70,162,0.0,0.0,1,0.0,0.0,432.0,752.226,968.2259999999999,264,12,7,1016.2259999999951
120,12,"Train18, Train29",0,Request13,6,12,70,162,0.0,0.0,1,0.0,0.0,432.0,608.226,824.2259999999999,265,12,8,1016.2259999999951
121,12,"Train17, Truck29",0,Request13,6,12,70,162,0.0,0.0,1,0.0,0.0,432.0,783.9105,999.9105,681,12,9,1047.9104999999981
122,12,"Train20, Truck32",0,Request13,6,12,70,162,0.0,0.0,1,0.0,0.0,432.0,695.6565,911.6564999999999,684,12,10,1085.6565000000119
123,13,Barge37,0,Request14,27,13,73,191,30.0,0.0,0,30.0,0.0,162.0,415.07235,1387.07235,249,13,1,1387.0723500000022
124,13,Train19,0,Request14,27,13,73,191,0.0,0.0,0,0.0,0.0,972.0,1838.9767499999998,2810.97675,250,13,2,2864.9767500000016
125,13,Train20,0,Request14,27,13,73,191,0.0,0.0,0,0.0,0.0,972.0,1838.9767499999998,2810.97675,251,13,3,3512.9767500000016
126,14,Barge17,0,Request15,15,14,2,153,10.0,0.0,0,10.0,0.0,90.0,181.6815,421.68149999999997,37,14,1,421.68150000000605
127,14,Barge18,0,Request15,15,14,2,153,0.0,0.0,0,0.0,0.0,90.0,181.6815,271.68149999999997,38,14,2,511.68150000000605
128,14,Barge19,0,Request15,15,14,2,153,0.0,0.0,0,0.0,0.0,90.0,181.6815,271.68149999999997,39,14,3,781.681500000006
129,14,Barge20,0,Request15,15,14,2,153,0.0,0.0,0,0.0,0.0,90.0,181.6815,271.68149999999997,40,14,4,871.681500000006
130,14,Barge21,0,Request15,15,14,2,153,0.0,0.0,0,0.0,0.0,90.0,181.6815,271.68149999999997,41,14,5,1141.681500000006
131,14,Barge22,0,Request15,15,14,2,153,0.0,0.0,0,0.0,0.0,90.0,181.6815,271.68149999999997,42,14,6,1231.681500000006
132,14,Train03,0,Request15,15,14,2,153,0.0,0.0,0,0.0,0.0,540.0,628.71,1168.71,48,14,7,1273.7099999999919
133,14,Train01,0,Request15,15,14,2,153,0.0,0.0,0,0.0,0.0,540.0,628.71,1168.71,46,14,8,1378.7099999999919
134,14,"Barge01, Barge36",0,Request15,15,14,2,153,0.0,0.0,1,0.0,0.0,180.0,562.64475,652.64475,18,14,9,1417.6447500000068
135,14,Barge23,0,Request15,15,14,2,153,0.0,0.0,0,0.0,0.0,90.0,181.6815,271.68149999999997,43,14,10,1591.681500000006
136,16,"Train11, Train32",0,Request17,11,16,96,217,3.0,0.0,1,3.0,0.0,792.0,1403.4762500000002,1832.4762500000002,179,16,1,1832.476250000007
137,16,"Train11, Truck33",0,Request17,11,16,96,217,0.0,0.0,1,0.0,0.0,792.0,1610.0645000000002,2006.0645000000002,572,16,2,2039.0645000000077
138,17,Barge23,0,Request18,21,17,75,179,15.0,0.0,0,15.0,0.0,126.0,254.3541,695.3541,43,17,1,695.3540999999968
139,17,Barge24,0,Request18,21,17,75,179,0.0,0.0,0,0.0,0.0,126.0,254.3541,380.35409999999996,44,17,2,821.3540999999968
140,17,Barge25,0,Request18,21,17,75,179,0.0,0.0,0,0.0,0.0,126.0,254.3541,380.35409999999996,45,17,3,1325.3540999999968
141,17,Train06,0,Request18,21,17,75,179,0.0,0.0,0,0.0,0.0,756.0,880.1940000000001,1636.194,51,17,4,1762.1939999999886
142,17,Train07,0,Request18,21,17,75,179,0.0,0.0,0,0.0,0.0,756.0,880.1940000000001,1636.194,52,17,5,2266.1939999999886
143,17,Train08,0,Request18,21,17,75,179,0.0,0.0,0,0.0,0.0,756.0,880.1940000000001,1636.194,53,17,6,2770.1939999999886
144,18,"Barge45, Train33",0,Request19,7,18,39,199,12.0,0.0,1,12.0,0.0,294.0,1349.08445,1580.08445,349,18,1,1580.0844499999948
145,18,"Barge41, Barge48, Train33",0,Request19,7,18,39,199,0.0,0.0,2,0.0,0.0,336.0,1356.3235,1503.3235,346,18,2,1601.3234999999986
146,18,"Barge41, Barge47, Train31",0,Request19,7,18,39,199,0.0,0.0,2,0.0,0.0,336.0,1374.6291999999999,1521.6291999999999,345,18,3,1619.6291999999958
147,18,"Barge41, Train27, Train31",0,Request19,7,18,39,199,0.0,0.0,2,0.0,0.0,546.0,1788.4587000000001,1935.4587000000001,347,18,4,2033.4586999999883
148,18,"Train24, Train31",0,Request19,7,18,39,199,0.0,0.0,1,0.0,0.0,504.0,1466.0677500000002,1718.0677500000002,350,18,5,2047.0677499999874
149,18,"Barge41, Train28, Train33",0,Request19,7,18,39,199,0.0,0.0,2,0.0,0.0,546.0,1837.4587000000001,1984.4587000000001,348,18,6,2082.4586999999883
150,18,"Train26, Train33",0,Request19,7,18,39,199,0.0,0.0,1,0.0,0.0,504.0,1658.41725,1910.41725,352,18,7,2162.4172499999986
151,18,"Barge41, Truck25, Train31",0,Request19,7,18,39,199,0.0,0.0,2,0.0,0.0,546.0,2038.7892000000002,2185.7892,785,18,8,2283.7891999999993
152,18,"Barge41, Truck26, Train33",0,Request19,7,18,39,199,0.0,0.0,2,0.0,0.0,546.0,2234.2327,2381.2327,787,18,9,2479.232699999993
153,18,"Barge41, Truck25, Train31",0,Request19,7,18,39,199,0.0,0.0,2,0.0,0.0,546.0,2248.7892,2395.7892,789,18,10,2493.7891999999993
154,19,Train23,0,Request20,5,19,42,102,37.0,0.0,0,37.0,0.0,180.0,812.08375,1177.08375,298,19,1,1177.0837499999907
155,19,"Barge36, Train31",0,Request20,5,19,42,102,0.0,0.0,1,0.0,0.0,210.0,856.70725,961.70725,293,19,2,1241.7072500000068
156,19,"Barge33, Barge47, Train31",0,Request20,5,19,42,102,0.0,0.0,2,0.0,0.0,240.0,991.0242499999999,1096.02425,288,19,3,1256.0242499999877
157,19,"Barge33, Barge48, Train33",0,Request20,5,19,42,102,0.0,0.0,2,0.0,0.0,240.0,977.94875,1082.94875,289,19,4,1277.9487500000105
158,19,"Barge33, Train27, Train31",0,Request20,5,19,42,102,0.0,0.0,2,0.0,0.0,390.0,1286.6167500000001,1391.6167500000001,290,19,5,1551.6167499999865
159,19,"Train17, Train31",0,Request20,5,19,42,102,0.0,0.0,1,0.0,0.0,360.0,1134.58375,1314.5837499999998,294,19,6,1609.5837499999907
160,19,"Train18, Train31",0,Request20,5,19,42,102,0.0,0.0,1,0.0,0.0,360.0,1014.58375,1194.58375,295,19,7,1609.5837499999907
161,19,"Barge33, Train28, Train33",0,Request20,5,19,42,102,0.0,0.0,2,0.0,0.0,390.0,1321.6167500000001,1426.6167500000001,291,19,8,1621.6167499999865
162,19,"Train19, Train33",0,Request20,5,19,42,102,0.0,0.0,1,0.0,0.0,360.0,1231.97625,1411.9762500000002,296,19,9,1726.976250000007
163,19,"Train20, Train33",0,Request20,5,19,42,102,0.0,0.0,1,0.0,0.0,360.0,1111.97625,1291.9762500000002,297,19,10,1726.976250000007
164,20,"Barge26, Train32",0,Request21,15,20,59,204,23.0,0.0,1,23.0,0.0,630.0,1074.37425,1734.37425,170,20,1,1734.3742499999935
165,20,"Barge21, Train30",0,Request21,15,20,59,204,0.0,0.0,1,0.0,0.0,630.0,1444.62525,1759.62525,167,20,2,1774.6252500000119
166,20,"Barge22, Train30",0,Request21,15,20,59,204,0.0,0.0,1,0.0,0.0,630.0,1354.62525,1669.62525,168,20,3,1774.6252500000119
167,20,"Barge23, Train30",0,Request21,15,20,59,204,0.0,0.0,1,0.0,0.0,630.0,994.6252499999998,1309.6252499999998,169,20,4,1774.6252500000119
168,20,"Barge08, Barge47, Train30",0,Request21,15,20,59,204,0.0,0.0,2,0.0,0.0,720.0,1442.57625,1757.57625,159,20,5,1817.5762500000128
169,20,"Barge09, Barge47, Train30",0,Request21,15,20,59,204,0.0,0.0,2,0.0,0.0,720.0,1262.57625,1577.57625,162,20,6,1817.5762500000128
170,20,"Barge26, Truck33",0,Request21,15,20,59,204,0.0,0.0,1,0.0,0.0,630.0,1251.0855,1566.0855,563,20,7,1911.0854999999865
171,20,"Barge21, Truck30",0,Request21,15,20,59,204,0.0,0.0,1,0.0,0.0,630.0,1674.144,1989.144,560,20,8,2004.1440000000002
172,20,Train14,0,Request21,15,20,59,204,0.0,0.0,0,0.0,0.0,540.0,1100.2425,1640.2425,180,20,9,2075.242499999993
173,20,"Barge22, Truck30",0,Request21,15,20,59,204,0.0,0.0,1,0.0,0.0,630.0,1674.144,1989.144,561,20,10,2094.1440000000002
174,21,"Barge35, Train31",0,Request22,28,21,15,169,12.0,0.0,1,12.0,0.0,1176.0,6141.560600000001,7065.560600000001,292,21,1,7065.560599999997
175,21,"Barge36, Train31",0,Request22,28,21,15,169,0.0,0.0,1,0.0,0.0,1176.0,4797.560600000001,5385.560600000001,293,21,2,7065.560599999997
176,21,"Barge33, Barge48, Train33",0,Request22,28,21,15,169,0.0,0.0,2,0.0,0.0,1344.0,5476.513,6064.513,289,21,3,7072.513000000006
177,21,"Barge33, Barge47, Train31",0,Request22,28,21,15,169,0.0,0.0,2,0.0,0.0,1344.0,5549.7357999999995,6137.7357999999995,288,21,4,7145.735799999995
178,21,Train23,0,Request22,28,21,15,169,0.0,0.0,0,0.0,0.0,1008.0,4547.669,5555.669,298,21,5,7347.668999999994
179,21,"Barge33, Train27, Train31",0,Request22,28,21,15,169,0.0,0.0,2,0.0,0.0,2184.0,7205.0538,7793.0538,290,21,6,8801.053799999994
180,21,"Barge33, Train28, Train33",0,Request22,28,21,15,169,0.0,0.0,2,0.0,0.0,2184.0,7401.0538,7989.0538,291,21,7,8997.053799999994
181,21,"Train17, Train31",0,Request22,28,21,15,169,0.0,0.0,1,0.0,0.0,2016.0,6353.669,7361.669,294,21,8,9125.668999999994
182,21,"Train18, Train31",0,Request22,28,21,15,169,0.0,0.0,1,0.0,0.0,2016.0,5681.669,6689.669,295,21,9,9125.668999999994
183,21,"Train19, Train33",0,Request22,28,21,15,169,0.0,0.0,1,0.0,0.0,2016.0,6899.067,7907.067000000001,296,21,10,9587.06700000001
184,22,"Barge45, Truck32",0,Request23,28,22,30,115,21.0,0.0,1,21.0,0.0,1176.0,1323.6678000000002,2499.6678,753,22,1,2499.6677999999956
185,22,"Barge45, Barge49",0,Request23,28,22,30,115,0.0,0.0,1,0.0,0.0,336.0,2051.5768,2219.5768,325,22,2,3017.57680000001
186,22,"Barge41, Barge48, Truck32",0,Request23,28,22,30,115,0.0,0.0,2,0.0,0.0,1344.0,1856.6239999999998,2444.624,748,22,3,3088.6240000000107
187,22,"Barge41, Barge48, Barge49",0,Request23,28,22,30,115,0.0,0.0,2,0.0,0.0,504.0,2080.533,2248.533,322,22,4,3102.532999999996
188,22,"Barge41, Barge47, Train29",0,Request23,28,22,30,115,0.0,0.0,2,0.0,0.0,1344.0,2655.2358,3243.2358,321,22,5,3887.235799999995
189,22,"Barge41, Barge47, Truck29",0,Request23,28,22,30,115,0.0,0.0,2,0.0,0.0,1344.0,3475.0968000000003,4063.0968000000003,746,22,6,4707.096799999999
190,22,"Barge41, Train28, Truck32",0,Request23,28,22,30,115,0.0,0.0,2,0.0,0.0,2184.0,3725.1648000000005,4313.1648000000005,752,22,7,4957.164799999999
191,22,"Barge41, Train28, Barge49",0,Request23,28,22,30,115,0.0,0.0,2,0.0,0.0,1344.0,4005.0738,4173.0738,324,22,8,5027.073800000013
192,22,"Train26, Truck32",0,Request23,28,22,30,115,0.0,0.0,1,0.0,0.0,2016.0,2952.9990000000003,3960.999,756,22,9,5220.999000000011
193,22,"Train26, Barge49",0,Request23,28,22,30,115,0.0,0.0,1,0.0,0.0,1176.0,3288.908,3876.9080000000004,328,22,10,5346.907999999996
194,23,"Barge17, Truck30",0,Request24,5,23,7,137,5.0,0.0,1,5.0,0.0,210.0,558.048,688.048,556,23,1,688.0480000000098
195,23,"Barge18, Truck30",0,Request24,5,23,7,137,0.0,0.0,1,0.0,0.0,210.0,558.048,663.048,557,23,2,718.0480000000098
196,23,"Barge19, Truck30",0,Request24,5,23,7,137,0.0,0.0,1,0.0,0.0,210.0,558.048,663.048,558,23,3,808.0480000000098
197,23,"Barge20, Truck30",0,Request24,5,23,7,137,0.0,0.0,1,0.0,0.0,210.0,558.048,663.048,559,23,4,838.0480000000098
198,23,"Barge26, Train32",0,Request24,5,23,7,137,0.0,0.0,1,0.0,0.0,210.0,358.12475,463.12475,170,23,5,838.1247499999881
199,23,"Barge05, Barge48, Truck33",0,Request24,5,23,7,137,0.0,0.0,2,0.0,0.0,240.0,639.187,744.187,527,23,6,844.1870000000054
200,23,"Barge07, Barge48, Truck33",0,Request24,5,23,7,137,0.0,0.0,2,0.0,0.0,240.0,519.187,624.187,543,23,7,844.1870000000054
201,23,"Barge06, Barge48, Truck33",0,Request24,5,23,7,137,0.0,0.0,2,0.0,0.0,240.0,579.187,684.187,535,23,8,844.1870000000054
202,23,"Barge04, Barge48, Truck33",0,Request24,5,23,7,137,0.0,0.0,2,0.0,0.0,240.0,699.187,804.187,519,23,9,844.1870000000054
203,23,"Barge18, Train30",0,Request24,5,23,7,137,0.0,0.0,1,0.0,0.0,210.0,691.54175,796.54175,164,23,10,851.541750000004
204,24,Barge06,0,Request25,10,24,32,174,7.0,0.0,0,7.0,0.0,60.0,46.585,176.585,7,24,1,176.58499999999185
205,24,Barge07,0,Request25,10,24,32,174,0.0,0.0,0,0.0,0.0,60.0,46.585,106.58500000000001,8,24,2,296.58499999999185
206,24,Barge08,0,Request25,10,24,32,174,0.0,0.0,0,0.0,0.0,60.0,46.585,106.58500000000001,9,24,3,416.58499999999185
207,24,Barge09,0,Request25,10,24,32,174,0.0,0.0,0,0.0,0.0,60.0,46.585,106.58500000000001,10,24,4,536.5849999999919
208,24,Barge10,0,Request25,10,24,32,174,0.0,0.0,0,0.0,0.0,60.0,46.585,106.58500000000001,11,24,5,656.5849999999919
209,24,Barge11,0,Request25,10,24,32,174,0.0,0.0,0,0.0,0.0,60.0,46.585,106.58500000000001,12,24,6,776.5849999999919
210,24,"Barge02, Barge42",0,Request25,10,24,32,174,0.0,0.0,1,0.0,0.0,120.0,536.2435,596.2435,3,24,7,806.2435000000114
211,24,"Barge01, Barge34",0,Request25,10,24,32,174,0.0,0.0,1,0.0,0.0,120.0,540.5605,600.5605,2,24,8,810.5604999999923
212,24,"Barge02, Truck18",0,Request25,10,24,32,174,0.0,0.0,1,0.0,0.0,420.0,403.28249999999997,613.2825,376,24,9,823.2825000000012
213,24,Barge12,0,Request25,10,24,32,174,0.0,0.0,0,0.0,0.0,60.0,46.585,106.58500000000001,13,24,10,896.5849999999919
214,25,"Train24, Train30",0,Request26,18,25,55,217,31.0,0.0,1,31.0,0.0,1296.0,2148.678,3354.678,338,25,1,3354.6780000000144
215,25,"Train26, Truck33",0,Request26,18,25,55,217,0.0,0.0,1,0.0,0.0,1296.0,2540.3444999999997,3188.3444999999997,776,25,2,3548.3445000000065
216,25,"Train26, Train32",0,Request26,18,25,55,217,0.0,0.0,1,0.0,0.0,1296.0,2643.2909999999997,3291.2909999999997,340,25,3,3651.2909999999974
217,25,"Train24, Truck30",0,Request26,18,25,55,217,0.0,0.0,1,0.0,0.0,1296.0,2721.1005000000005,3369.1005000000005,774,25,4,3927.1005000000005
218,26,Barge21,0,Request27,17,26,47,138,13.0,0.0,0,13.0,0.0,102.0,205.9057,528.9057,41,26,1,528.905700000003
219,26,Barge22,0,Request27,17,26,47,138,0.0,0.0,0,0.0,0.0,102.0,205.9057,307.90569999999997,42,26,2,630.905700000003
220,26,"Barge01, Barge36",0,Request27,17,26,47,138,0.0,0.0,1,0.0,0.0,204.0,637.66405,739.66405,18,26,3,841.6640499999921
221,26,Barge23,0,Request27,17,26,47,138,0.0,0.0,0,0.0,0.0,102.0,205.9057,307.90569999999997,43,26,4,1038.905700000003
222,26,"Barge07, Barge47",0,Request27,17,26,47,138,0.0,0.0,1,0.0,0.0,204.0,951.5835,1053.5835,32,26,5,1121.583500000008
223,26,"Barge08, Barge47",0,Request27,17,26,47,138,0.0,0.0,1,0.0,0.0,204.0,747.5835,849.5835,34,26,6,1121.583500000008
224,26,"Barge09, Barge47",0,Request27,17,26,47,138,0.0,0.0,1,0.0,0.0,204.0,543.5835,645.5835,36,26,7,1121.583500000008
225,26,Barge24,0,Request27,17,26,47,138,0.0,0.0,0,0.0,0.0,102.0,205.9057,307.90569999999997,44,26,8,1140.905700000003
226,26,"Barge02, Barge43",0,Request27,17,26,47,138,0.0,0.0,1,0.0,0.0,204.0,1004.32515,1106.3251500000001,21,26,9,1208.3251499999897
227,26,Train05,0,Request27,17,26,47,138,0.0,0.0,0,0.0,0.0,612.0,712.538,1324.538,50,26,10,1494.5380000000005
228,27,Barge26,0,Request28,26,27,80,186,2.0,0.0,0,2.0,0.0,156.0,387.5872,595.5871999999999,69,27,1,595.587200000009
229,27,Barge27,0,Request28,26,27,80,186,0.0,0.0,0,0.0,0.0,156.0,387.5872,543.5871999999999,70,27,2,1115.587200000009
230,27,Train11,0,Request28,26,27,80,186,0.0,0.0,0,0.0,0.0,936.0,1634.646,2570.646,73,27,3,3064.646000000008
231,27,Train12,0,Request28,26,27,80,186,0.0,0.0,0,0.0,0.0,936.0,1634.646,2570.646,74,27,4,3428.646000000008
232,28,Train15,0,Request29,21,28,43,159,8.0,0.0,0,8.0,0.0,756.0,3300.7275,4224.7275,232,28,1,4224.727500000008
233,28,"Barge26, Train33",0,Request29,21,28,43,159,0.0,0.0,1,0.0,0.0,882.0,3395.5362000000005,3836.5362000000005,221,28,2,4655.536200000002
234,28,"Barge21, Train31",0,Request29,21,28,43,159,0.0,0.0,1,0.0,0.0,882.0,3913.8876,4354.8876,217,28,3,4711.887599999987
235,28,"Barge22, Train31",0,Request29,21,28,43,159,0.0,0.0,1,0.0,0.0,882.0,3787.8876,4228.8876,218,28,4,4711.887599999987
236,28,"Barge23, Train31",0,Request29,21,28,43,159,0.0,0.0,1,0.0,0.0,882.0,3283.8876,3724.8876,219,28,5,4711.887599999987
237,28,"Barge24, Train31",0,Request29,21,28,43,159,0.0,0.0,1,0.0,0.0,882.0,3157.8876,3598.8876,220,28,6,4711.887599999987
238,28,"Barge07, Barge48, Train33",0,Request29,21,28,43,159,0.0,0.0,2,0.0,0.0,1008.0,4108.1019,4549.1019,206,28,7,4717.101900000009
239,28,"Barge07, Barge47, Train31",0,Request29,21,28,43,159,0.0,0.0,2,0.0,0.0,1008.0,4163.019,4604.019,205,28,8,4772.019
240,28,"Barge08, Barge47, Train31",0,Request29,21,28,43,159,0.0,0.0,2,0.0,0.0,1008.0,3911.0190000000002,4352.019,209,28,9,4772.019
241,28,"Barge09, Barge47, Train31",0,Request29,21,28,43,159,0.0,0.0,2,0.0,0.0,1008.0,3659.0190000000002,4100.019,212,28,10,4772.019
242,29,Barge23,0,Request30,15,29,74,215,16.0,0.0,0,16.0,0.0,90.0,181.6815,511.68149999999997,43,29,1,511.68150000000605
243,29,"Barge09, Barge47",0,Request30,15,29,74,215,0.0,0.0,1,0.0,0.0,180.0,479.6325,569.6324999999999,36,29,2,584.632500000007
244,29,Barge24,0,Request30,15,29,74,215,0.0,0.0,0,0.0,0.0,90.0,181.6815,271.68149999999997,44,29,3,601.681500000006
245,29,Barge25,0,Request30,15,29,74,215,0.0,0.0,0,0.0,0.0,90.0,181.6815,271.68149999999997,45,29,4,961.681500000006
246,29,Train06,0,Request30,15,29,74,215,0.0,0.0,0,0.0,0.0,540.0,628.71,1168.71,51,29,5,1273.7099999999919
247,29,Train07,0,Request30,15,29,74,215,0.0,0.0,0,0.0,0.0,540.0,628.71,1168.71,52,29,6,1633.7099999999919
248,29,"Barge09, Truck25",0,Request30,15,29,74,215,0.0,0.0,1,0.0,0.0,630.0,1569.8325,1884.8325,395,29,7,1899.8324999999895
249,29,Train08,0,Request30,15,29,74,215,0.0,0.0,0,0.0,0.0,540.0,628.71,1168.71,53,29,8,1993.7099999999919
250,30,"Barge26, Train32",0,Request31,10,30,61,141,21.0,0.0,1,21.0,0.0,420.0,716.2495,1136.2495,170,30,1,1136.2495000000054
251,30,"Barge22, Train30",0,Request31,10,30,61,141,0.0,0.0,1,0.0,0.0,420.0,903.0835000000001,1113.0835,168,30,2,1163.083500000008
252,30,"Barge23, Train30",0,Request31,10,30,61,141,0.0,0.0,1,0.0,0.0,420.0,663.0835,873.0835,169,30,3,1163.083500000008
253,30,"Barge08, Barge47, Train30",0,Request31,10,30,61,141,0.0,0.0,2,0.0,0.0,480.0,961.7175,1171.7175,159,30,4,1191.7174999999988
254,30,"Barge09, Barge47, Train30",0,Request31,10,30,61,141,0.0,0.0,2,0.0,0.0,480.0,841.7175,1051.7175,162,30,5,1191.7174999999988
255,30,"Barge26, Truck33",0,Request31,10,30,61,141,0.0,0.0,1,0.0,0.0,420.0,834.057,1044.057,563,30,6,1254.0570000000007
256,30,Train14,0,Request31,10,30,61,141,0.0,0.0,0,0.0,0.0,360.0,733.4950000000001,1093.4950000000001,180,30,7,1363.4949999999953
257,30,"Barge22, Truck30",0,Request31,10,30,61,141,0.0,0.0,1,0.0,0.0,420.0,1116.096,1326.096,561,30,8,1376.0959999999905
258,30,"Barge23, Truck30",0,Request31,10,30,61,141,0.0,0.0,1,0.0,0.0,420.0,1116.096,1326.096,562,30,9,1616.0959999999905
259,30,"Barge08, Barge47, Truck30",0,Request31,10,30,61,141,0.0,0.0,2,0.0,0.0,480.0,1449.73,1659.73,549,30,10,1679.7300000000105
260,31,Barge31,0,Request32,27,31,55,114,25.0,0.0,0,25.0,0.0,162.0,427.6503,1264.6503,120,31,1,1264.6503000000084
261,31,"Barge26, Barge49",0,Request32,27,31,55,114,0.0,0.0,1,0.0,0.0,324.0,1140.3841499999999,1302.3841499999999,119,31,2,2260.884149999998
262,31,"Barge26, Truck32",0,Request32,27,31,55,114,0.0,0.0,1,0.0,0.0,1134.0,1288.9719,1855.9719,483,31,3,2584.971900000004
263,31,"Barge21, Truck29",0,Request32,27,31,55,114,0.0,0.0,1,0.0,0.0,1134.0,2176.4862000000003,2743.4862000000003,480,31,4,2878.486200000014
264,31,"Barge21, Train29",0,Request32,27,31,55,114,0.0,0.0,1,0.0,0.0,1134.0,2290.40595,2857.40595,116,31,5,2992.4059499999858
265,31,"Barge22, Train29",0,Request32,27,31,55,114,0.0,0.0,1,0.0,0.0,1134.0,2128.40595,2695.40595,117,31,6,2992.4059499999858
266,31,"Barge23, Train29",0,Request32,27,31,55,114,0.0,0.0,1,0.0,0.0,1134.0,1480.40595,2047.4059499999998,118,31,7,2992.4059499999858
267,31,"Barge22, Truck29",0,Request32,27,31,55,114,0.0,0.0,1,0.0,0.0,1134.0,2176.4862000000003,2743.4862000000003,481,31,8,3040.486200000014
268,31,"Barge08, Barge47, Train29",0,Request32,27,31,55,114,0.0,0.0,2,0.0,0.0,1296.0,2286.7177500000003,2853.7177500000003,108,31,9,3069.7177500000107
269,31,"Barge09, Barge47, Train29",0,Request32,27,31,55,114,0.0,0.0,2,0.0,0.0,1296.0,1962.7177500000003,2529.7177500000003,111,31,10,3069.7177500000107
270,32,"Barge17, Truck30",0,Request33,13,32,11,63,1.0,0.0,1,1.0,0.0,546.0,1450.9248,1736.9248,556,32,1,1736.924800000008
271,32,"Barge18, Truck30",0,Request33,13,32,11,63,0.0,0.0,1,0.0,0.0,546.0,1450.9248,1723.9248,557,32,2,1814.924800000008
272,32,"Barge19, Truck30",0,Request33,13,32,11,63,0.0,0.0,1,0.0,0.0,546.0,1450.9248,1723.9248,558,32,3,2048.924800000008
273,32,"Barge20, Truck30",0,Request33,13,32,11,63,0.0,0.0,1,0.0,0.0,546.0,1450.9248,1723.9248,559,32,4,2126.924800000008
274,32,"Barge05, Barge48, Truck33",0,Request33,13,32,11,63,0.0,0.0,2,0.0,0.0,624.0,1661.8862,1934.8862,527,32,5,2447.0862000000197
275,32,"Barge07, Barge48, Truck33",0,Request33,13,32,11,63,0.0,0.0,2,0.0,0.0,624.0,1349.8862,1622.8862,543,32,6,2447.0862000000197
276,32,"Barge06, Barge48, Truck33",0,Request33,13,32,11,63,0.0,0.0,2,0.0,0.0,624.0,1505.8862,1778.8862,535,32,7,2447.0862000000197
277,32,"Barge04, Barge48, Truck33",0,Request33,13,32,11,63,0.0,0.0,2,0.0,0.0,624.0,1817.8862,2090.8862,519,32,8,2447.0862000000197
278,32,"Train01, Truck30",0,Request33,13,32,11,63,0.0,0.0,1,0.0,0.0,936.0,2033.3494999999998,2501.3495,564,32,9,2566.349500000011
279,32,"Barge01, Train22",0,Request33,13,32,11,63,0.0,0.0,1,0.0,0.0,546.0,1579.76585,1852.7658499999998,136,32,10,2691.265849999996
280,33,"Barge45, Truck32",0,Request34,18,33,7,79,44.0,0.0,1,44.0,0.0,756.0,850.9293,2020.9293000000002,753,33,1,2020.9292999999889
281,33,"Barge41, Barge48, Truck32",0,Request34,18,33,7,79,0.0,0.0,2,0.0,0.0,864.0,1193.5439999999999,1571.5439999999999,748,33,2,2525.5439999999944
282,33,"Train25, Truck32",0,Request34,18,33,7,79,0.0,0.0,1,0.0,0.0,1296.0,1898.3565,2546.3565,755,33,3,2906.3564999999944
283,33,"Barge45, Barge49",0,Request34,18,33,7,79,0.0,0.0,1,0.0,0.0,216.0,1318.8708000000001,1426.8708000000001,325,33,4,3001.8708000000042
284,33,"Barge41, Barge48, Barge49",0,Request34,18,33,7,79,0.0,0.0,2,0.0,0.0,324.0,1337.4855,1445.4855,322,33,5,3056.48550000001
285,33,"Barge41, Barge47, Train29",0,Request34,18,33,7,79,0.0,0.0,2,0.0,0.0,864.0,1706.9372999999998,2084.9373,321,33,6,3533.9372999999905
286,33,"Barge41, Train28, Truck32",0,Request34,18,33,7,79,0.0,0.0,2,0.0,0.0,1404.0,2394.7488000000003,2772.7488000000003,752,33,7,3690.748800000001
287,33,"Train26, Truck32",0,Request34,18,33,7,79,0.0,0.0,1,0.0,0.0,1296.0,1898.3565,2546.3565,756,33,8,3896.3564999999944
288,33,"Barge41, Barge47, Truck29",0,Request34,18,33,7,79,0.0,0.0,2,0.0,0.0,864.0,2233.9908,2611.9908,746,33,9,3969.190800000011
289,33,"Barge41, Train27, Truck29",0,Request34,18,33,7,79,0.0,0.0,2,0.0,0.0,1404.0,2812.1238000000003,3190.1238000000003,750,33,10,4061.323800000013
290,34,"Barge19, Truck30",0,Request35,17,34,28,81,8.0,0.0,1,8.0,0.0,714.0,1897.3632,2390.3632,558,34,1,2390.3631999999925
291,34,"Barge20, Truck30",0,Request35,17,34,28,81,0.0,0.0,1,0.0,0.0,714.0,1897.3632,2254.3632,559,34,2,2492.3631999999925
292,34,"Barge06, Barge48, Truck33",0,Request35,17,34,28,81,0.0,0.0,2,0.0,0.0,816.0,1969.2358,2326.2358,535,34,3,2605.0357999999833
293,34,"Barge07, Barge48, Truck33",0,Request35,17,34,28,81,0.0,0.0,2,0.0,0.0,816.0,1765.2358,2122.2358,543,34,4,2605.0357999999833
294,34,"Barge21, Truck30",0,Request35,17,34,28,81,0.0,0.0,1,0.0,0.0,714.0,1897.3632,2254.3632,560,34,5,2798.3631999999925
295,34,"Barge01, Train22",0,Request35,17,34,28,81,0.0,0.0,1,0.0,0.0,714.0,2065.84765,2422.8476499999997,136,34,6,2924.3476500000106
296,34,"Barge22, Truck30",0,Request35,17,34,28,81,0.0,0.0,1,0.0,0.0,714.0,1897.3632,2254.3632,561,34,7,2976.8631999999925
297,34,"Barge26, Truck33",0,Request35,17,34,28,81,0.0,0.0,1,0.0,0.0,714.0,1417.8969,1774.8969,563,34,8,3092.3968999999925
298,34,Train14,0,Request35,17,34,28,81,0.0,0.0,0,0.0,0.0,612.0,1246.9415000000001,1858.9415000000001,180,34,9,3116.9414999999863
299,34,"Barge19, Train30",0,Request35,17,34,28,81,0.0,0.0,1,0.0,0.0,714.0,2045.24195,2402.2419500000005,165,34,10,3124.741949999996
300,35,"Barge01, Barge39",0,Request36,28,35,8,121,45.0,0.0,1,45.0,0.0,336.0,902.6206,2330.6205999999997,80,35,1,2330.6205999999947
301,35,Barge31,0,Request36,28,35,8,121,0.0,0.0,0,0.0,0.0,168.0,443.48920000000004,611.4892000000001,120,35,2,2627.489200000011
302,35,"Barge17, Truck29",0,Request36,28,35,8,121,0.0,0.0,1,0.0,0.0,1176.0,2257.0968000000003,2845.0968000000003,476,35,3,2957.0967999999993
303,35,"Barge18, Truck29",0,Request36,28,35,8,121,0.0,0.0,1,0.0,0.0,1176.0,2257.0968000000003,2845.0968000000003,477,35,4,3125.0967999999993
304,35,"Barge26, Barge49",0,Request36,28,35,8,121,0.0,0.0,1,0.0,0.0,336.0,1182.6206,1350.6206,119,35,5,3464.6205999999947
305,35,"Barge04, Barge48, Barge49",0,Request36,28,35,8,121,0.0,0.0,2,0.0,0.0,504.0,3140.7082,3308.7082,93,35,6,3546.7081999999937
306,35,"Barge05, Barge48, Barge49",0,Request36,28,35,8,121,0.0,0.0,2,0.0,0.0,504.0,2804.7082,2972.7082,97,35,7,3546.7081999999937
307,35,"Barge06, Barge48, Barge49",0,Request36,28,35,8,121,0.0,0.0,2,0.0,0.0,504.0,2468.7082,2636.7082,101,35,8,3546.7081999999937
308,35,"Barge07, Barge48, Barge49",0,Request36,28,35,8,121,0.0,0.0,2,0.0,0.0,504.0,2132.7082,2300.7082,105,35,9,3546.7081999999937
309,35,"Barge19, Truck29",0,Request36,28,35,8,121,0.0,0.0,1,0.0,0.0,1176.0,2257.0968000000003,2845.0968000000003,478,35,10,3629.0967999999993
310,36,"Barge17, Truck29",0,Request37,30,36,7,60,5.0,0.0,1,5.0,0.0,1260.0,2418.318,3198.318,476,36,1,3198.3179999999993
311,36,"Barge01, Barge39",0,Request37,30,36,7,60,0.0,0.0,1,0.0,0.0,360.0,967.0935,1147.0935,80,36,2,3232.093499999988
312,36,"Barge18, Truck29",0,Request37,30,36,7,60,0.0,0.0,1,0.0,0.0,1260.0,2418.318,3048.318,477,36,3,3378.3179999999993
313,36,"Barge19, Truck29",0,Request37,30,36,7,60,0.0,0.0,1,0.0,0.0,1260.0,2418.318,3048.318,478,36,4,3918.3179999999993
314,36,Barge31,0,Request37,30,36,7,60,0.0,0.0,0,0.0,0.0,180.0,475.16700000000003,655.167,120,36,5,3955.1669999999867
315,36,"Barge20, Truck29",0,Request37,30,36,7,60,0.0,0.0,1,0.0,0.0,1260.0,2418.318,3048.318,479,36,6,4128.317999999999
316,36,"Barge04, Barge48, Truck32",0,Request37,30,36,7,60,0.0,0.0,2,0.0,0.0,1440.0,3125.1420000000003,3755.1420000000003,439,36,7,4775.141999999993
317,36,"Barge06, Barge48, Truck32",0,Request37,30,36,7,60,0.0,0.0,2,0.0,0.0,1440.0,2405.1420000000003,3035.1420000000003,455,36,8,4775.141999999993
318,36,"Barge07, Barge48, Truck32",0,Request37,30,36,7,60,0.0,0.0,2,0.0,0.0,1440.0,2045.1420000000003,2675.1420000000003,463,36,9,4775.141999999993
319,36,"Barge05, Barge48, Truck32",0,Request37,30,36,7,60,0.0,0.0,2,0.0,0.0,1440.0,2765.1420000000003,3395.1420000000003,447,36,10,4775.141999999993
320,37,Barge26,0,Request38,22,37,64,135,18.0,0.0,0,18.0,0.0,132.0,327.9584,855.9584000000001,69,37,1,855.9584000000032
321,37,Barge27,0,Request38,22,37,64,135,0.0,0.0,0,0.0,0.0,132.0,327.9584,459.9584,70,37,2,1295.9584000000032
322,37,Train10,0,Request38,22,37,64,135,0.0,0.0,0,0.0,0.0,792.0,1383.162,2175.1620000000003,72,37,3,2417.162000000011
323,37,Train11,0,Request38,22,37,64,135,0.0,0.0,0,0.0,0.0,792.0,1383.162,2175.1620000000003,73,37,4,2945.162000000011
324,37,Train12,0,Request38,22,37,64,135,0.0,0.0,0,0.0,0.0,792.0,1383.162,2175.1620000000003,74,37,5,3253.162000000011
325,38,"Barge17, Truck30",0,Request39,9,38,9,68,3.0,0.0,1,3.0,0.0,378.0,1004.4864,1220.4864,556,38,1,1220.4863999999943
326,38,"Barge18, Truck30",0,Request39,9,38,9,68,0.0,0.0,1,0.0,0.0,378.0,1004.4864,1193.4864,557,38,2,1274.4863999999943
327,38,"Barge19, Truck30",0,Request39,9,38,9,68,0.0,0.0,1,0.0,0.0,378.0,1004.4864,1193.4864,558,38,3,1436.4863999999943
328,38,"Barge20, Truck30",0,Request39,9,38,9,68,0.0,0.0,1,0.0,0.0,378.0,1004.4864,1193.4864,559,38,4,1490.4863999999943
329,38,"Barge05, Barge48, Truck33",0,Request39,9,38,9,68,0.0,0.0,2,0.0,0.0,432.0,1150.5366,1339.5366,527,38,5,1667.136599999998
330,38,"Barge07, Barge48, Truck33",0,Request39,9,38,9,68,0.0,0.0,2,0.0,0.0,432.0,934.5366,1123.5366,543,38,6,1667.136599999998
331,38,"Barge06, Barge48, Truck33",0,Request39,9,38,9,68,0.0,0.0,2,0.0,0.0,432.0,1042.5366,1231.5366,535,38,7,1667.136599999998
332,38,"Barge04, Barge48, Truck33",0,Request39,9,38,9,68,0.0,0.0,2,0.0,0.0,432.0,1258.5366,1447.5366,519,38,8,1667.136599999998
333,38,"Barge21, Truck30",0,Request39,9,38,9,68,0.0,0.0,1,0.0,0.0,378.0,1004.4864,1193.4864,560,38,9,1755.9863999999943
334,38,"Train01, Truck30",0,Request39,9,38,9,68,0.0,0.0,1,0.0,0.0,648.0,1407.7034999999998,1731.7034999999998,564,38,10,1794.7035000000033
335,39,Barge22,0,Request40,22,39,62,223,4.0,0.0,0,4.0,0.0,132.0,266.4662,486.46619999999996,42,39,1,486.4661999999953
336,39,Barge23,0,Request40,22,39,62,223,0.0,0.0,0,0.0,0.0,132.0,266.4662,398.46619999999996,43,39,2,1014.4661999999953
337,39,"Barge08, Barge47",0,Request40,22,39,62,223,0.0,0.0,1,0.0,0.0,264.0,967.4609999999999,1099.461,34,39,3,1121.4610000000102
338,39,"Barge09, Barge47",0,Request40,22,39,62,223,0.0,0.0,1,0.0,0.0,264.0,703.461,835.4609999999999,36,39,4,1121.4610000000102
339,39,Barge24,0,Request40,22,39,62,223,0.0,0.0,0,0.0,0.0,132.0,266.4662,398.46619999999996,44,39,5,1146.4661999999953
340,39,Barge25,0,Request40,22,39,62,223,0.0,0.0,0,0.0,0.0,132.0,266.4662,398.46619999999996,45,39,6,1674.4661999999953
341,39,"Barge08, Train27",0,Request40,22,39,62,223,0.0,0.0,1,0.0,0.0,924.0,1344.068,1806.0679999999998,35,39,7,1828.0679999999993
342,39,Train06,0,Request40,22,39,62,223,0.0,0.0,0,0.0,0.0,792.0,922.1080000000001,1714.108,51,39,8,2132.1080000000075
343,39,Train07,0,Request40,22,39,62,223,0.0,0.0,0,0.0,0.0,792.0,922.1080000000001,1714.108,52,39,9,2660.1080000000075
344,39,"Barge08, Truck25",0,Request40,22,39,62,223,0.0,0.0,1,0.0,0.0,924.0,2302.4210000000003,2764.4210000000003,393,39,10,2786.421000000002
345,40,Train15,0,Request41,28,40,47,202,4.0,0.0,0,4.0,0.0,1008.0,4400.97,5520.97,232,40,1,5520.970000000001
346,40,"Barge26, Train33",0,Request41,28,40,47,202,0.0,0.0,1,0.0,0.0,1176.0,4527.381600000001,5115.381600000001,221,40,2,6095.381599999993
347,40,"Barge21, Train31",0,Request41,28,40,47,202,0.0,0.0,1,0.0,0.0,1176.0,5218.516799999999,5806.516799999999,217,40,3,6170.516800000012
348,40,"Barge22, Train31",0,Request41,28,40,47,202,0.0,0.0,1,0.0,0.0,1176.0,5050.516799999999,5638.516799999999,218,40,4,6170.516800000012
349,40,"Barge23, Train31",0,Request41,28,40,47,202,0.0,0.0,1,0.0,0.0,1176.0,4378.516799999999,4966.516799999999,219,40,5,6170.516800000012
350,40,"Barge24, Train31",0,Request41,28,40,47,202,0.0,0.0,1,0.0,0.0,1176.0,4210.516799999999,4798.516799999999,220,40,6,6170.516800000012
351,40,"Barge07, Barge48, Train33",0,Request41,28,40,47,202,0.0,0.0,2,0.0,0.0,1344.0,5477.4692,6065.4692,206,40,7,6177.469199999992
352,40,"Barge07, Barge47, Train31",0,Request41,28,40,47,202,0.0,0.0,2,0.0,0.0,1344.0,5550.692,6138.692,205,40,8,6250.69200000001
353,40,"Barge08, Barge47, Train31",0,Request41,28,40,47,202,0.0,0.0,2,0.0,0.0,1344.0,5214.692,5802.692,209,40,9,6250.69200000001
354,40,"Barge09, Barge47, Train31",0,Request41,28,40,47,202,0.0,0.0,2,0.0,0.0,1344.0,4878.692,5466.692,212,40,10,6250.69200000001
355,41,"Barge45, Train33",0,Request42,15,41,25,133,26.0,0.0,1,26.0,0.0,630.0,2890.89525,3595.89525,349,41,1,3595.8952500000014
356,41,"Barge41, Barge48, Train33",0,Request42,15,41,25,133,0.0,0.0,2,0.0,0.0,720.0,2906.4075000000003,3221.4075000000003,346,41,2,3641.407500000001
357,41,"Barge41, Barge47, Train31",0,Request42,15,41,25,133,0.0,0.0,2,0.0,0.0,720.0,2945.634,3260.634,345,41,3,3680.633999999991
358,41,"Barge41, Train27, Train31",0,Request42,15,41,25,133,0.0,0.0,2,0.0,0.0,1170.0,3832.4115,4147.4115,347,41,4,4567.411499999987
359,41,"Train24, Train31",0,Request42,15,41,25,133,0.0,0.0,1,0.0,0.0,1080.0,3141.57375,3681.57375,350,41,5,4596.5737500000105
360,41,"Barge41, Train28, Train33",0,Request42,15,41,25,133,0.0,0.0,2,0.0,0.0,1170.0,3937.4115,4252.4115,348,41,6,4672.411499999987
361,41,"Train26, Train33",0,Request42,15,41,25,133,0.0,0.0,1,0.0,0.0,1080.0,3553.7512500000003,4093.75125,352,41,7,4843.751250000001
362,41,"Train25, Train33",0,Request42,15,41,25,133,0.0,0.0,1,0.0,0.0,1080.0,4273.751249999999,4813.751249999999,351,41,8,4843.751250000001
363,41,"Barge41, Truck25, Train31",0,Request42,15,41,25,133,0.0,0.0,2,0.0,0.0,1170.0,4368.834,4683.834,785,41,9,5103.834000000003
364,41,"Barge41, Truck26, Train33",0,Request42,15,41,25,133,0.0,0.0,2,0.0,0.0,1170.0,4787.641500000001,5102.641500000001,787,41,10,5522.641499999998
365,42,Train15,0,Request43,16,42,0,84,51.0,0.0,0,51.0,0.0,576.0,2514.84,3906.84,232,42,1,3906.8399999999965
366,42,"Barge01, Train23",0,Request43,16,42,0,84,0.0,0.0,1,0.0,0.0,672.0,3301.5752,3637.5752,186,42,2,4653.575199999992
367,42,"Barge17, Train31",0,Request43,16,42,0,84,0.0,0.0,1,0.0,0.0,672.0,3750.0096,4086.0096,213,42,3,4934.00959999999
368,42,"Barge19, Train31",0,Request43,16,42,0,84,0.0,0.0,1,0.0,0.0,672.0,3366.0096,3702.0096,215,42,4,4934.00959999999
369,42,"Barge21, Train31",0,Request43,16,42,0,84,0.0,0.0,1,0.0,0.0,672.0,2982.0096,3318.0096,217,42,5,4934.00959999999
370,42,"Barge20, Train31",0,Request43,16,42,0,84,0.0,0.0,1,0.0,0.0,672.0,3270.0096,3606.0096,216,42,6,4934.00959999999
371,42,"Barge23, Train31",0,Request43,16,42,0,84,0.0,0.0,1,0.0,0.0,672.0,2502.0096,2838.0096,219,42,7,4934.00959999999
372,42,"Barge22, Train31",0,Request43,16,42,0,84,0.0,0.0,1,0.0,0.0,672.0,2886.0096,3222.0096,218,42,8,4934.00959999999
373,42,"Barge03, Barge47, Train31",0,Request43,16,42,0,84,0.0,0.0,2,0.0,0.0,768.0,3939.824,4275.8240000000005,189,42,9,4979.823999999993
374,42,"Barge04, Barge47, Train31",0,Request43,16,42,0,84,0.0,0.0,2,0.0,0.0,768.0,3747.824,4083.824,193,42,10,4979.823999999993
375,43,Barge31,0,Request44,6,43,76,182,4.0,0.0,0,4.0,0.0,36.0,95.0334,155.03340000000003,120,43,1,155.0333999999857
376,43,"Barge26, Barge49",0,Request44,6,43,76,182,0.0,0.0,1,0.0,0.0,72.0,253.4187,289.4187,119,43,2,325.41870000000927
377,43,"Barge26, Truck32",0,Request44,6,43,76,182,0.0,0.0,1,0.0,0.0,252.0,286.4382,412.4382,483,43,3,448.43820000000414
378,43,"Barge23, Train29",0,Request44,6,43,76,182,0.0,0.0,1,0.0,0.0,252.0,328.9791,454.97909999999996,118,43,4,538.9790999999968
379,43,"Barge23, Truck29",0,Request44,6,43,76,182,0.0,0.0,1,0.0,0.0,252.0,483.66360000000003,609.6636000000001,482,43,5,693.6635999999999
380,43,Train13,0,Request44,6,43,76,182,0.0,0.0,0,0.0,0.0,216.0,314.355,530.355,130,43,6,734.3550000000105
381,43,"Train11, Barge49",0,Request44,6,43,76,182,0.0,0.0,1,0.0,0.0,252.0,589.2015,715.2015,129,43,7,853.2014999999956
382,43,"Train06, Train29",0,Request44,6,43,76,182,0.0,0.0,1,0.0,0.0,432.0,705.7905,921.7905000000001,126,43,8,951.7905000000028
383,43,"Train06, Truck29",0,Request44,6,43,76,182,0.0,0.0,1,0.0,0.0,432.0,752.4749999999999,968.4749999999999,489,43,9,998.4750000000058
384,43,"Train11, Truck32",0,Request44,6,43,76,182,0.0,0.0,1,0.0,0.0,432.0,664.221,880.2210000000001,492,43,10,1018.2209999999905
385,44,Barge24,0,Request45,9,44,92,231,4.0,0.0,0,4.0,0.0,54.0,109.0089,199.00889999999998,44,44,1,199.00889999998617
386,44,Barge25,0,Request45,9,44,92,231,0.0,0.0,0,0.0,0.0,54.0,109.0089,163.00889999999998,45,44,2,415.00889999998617
387,44,Train07,0,Request45,9,44,92,231,0.0,0.0,0,0.0,0.0,324.0,377.226,701.226,52,44,3,818.2259999999951
388,44,Train08,0,Request45,9,44,92,231,0.0,0.0,0,0.0,0.0,324.0,377.226,701.226,53,44,4,1034.225999999995
389,45,"Barge01, Barge39",0,Request46,25,45,20,144,33.0,0.0,1,33.0,0.0,300.0,805.91125,1780.9112499999997,80,45,1,1780.9112500000047
390,45,Barge31,0,Request46,25,45,20,144,0.0,0.0,0,0.0,0.0,150.0,395.9725,545.9725000000001,120,45,2,2045.9725000000035
391,45,"Barge26, Barge49",0,Request46,25,45,20,144,0.0,0.0,1,0.0,0.0,300.0,1055.9112499999999,1205.9112499999999,119,45,3,2755.9112500000047
392,45,"Barge05, Barge48, Barge49",0,Request46,25,45,20,144,0.0,0.0,2,0.0,0.0,450.0,2504.20375,2654.20375,97,45,4,2829.203749999986
393,45,"Barge06, Barge48, Barge49",0,Request46,25,45,20,144,0.0,0.0,2,0.0,0.0,450.0,2204.20375,2354.20375,101,45,5,2829.203749999986
394,45,"Barge07, Barge48, Barge49",0,Request46,25,45,20,144,0.0,0.0,2,0.0,0.0,450.0,1904.20375,2054.20375,105,45,6,2829.203749999986
395,45,"Barge19, Truck29",0,Request46,25,45,20,144,0.0,0.0,1,0.0,0.0,1050.0,2015.265,2540.2650000000003,478,45,7,2940.265000000014
396,45,"Barge06, Barge48, Truck32",0,Request46,25,45,20,144,0.0,0.0,2,0.0,0.0,1200.0,2004.285,2529.2850000000003,455,45,8,3004.2850000000035
397,45,"Barge05, Barge48, Truck32",0,Request46,25,45,20,144,0.0,0.0,2,0.0,0.0,1200.0,2304.2850000000003,2829.2850000000003,447,45,9,3004.2850000000035
398,45,"Barge07, Barge48, Truck32",0,Request46,25,45,20,144,0.0,0.0,2,0.0,0.0,1200.0,1704.285,2229.2850000000003,463,45,10,3004.2850000000035
399,46,"Barge23, Train30",0,Request47,29,46,87,152,3.0,0.0,1,3.0,0.0,1218.0,1922.9421499999996,2618.94215,169,46,1,2618.942149999988
400,46,Train14,0,Request47,29,46,87,152,0.0,0.0,0,0.0,0.0,1044.0,2127.1355000000003,3171.1355000000003,180,46,2,3200.135500000004
401,46,"Train11, Truck33",0,Request47,29,46,87,152,0.0,0.0,1,0.0,0.0,2088.0,4244.7155,5288.7155,572,46,3,5636.715499999991
402,47,"Barge45, Truck32",0,Request48,17,47,29,147,22.0,0.0,1,22.0,0.0,714.0,803.6554500000001,1534.6554500000002,753,47,1,1534.655449999991
403,47,"Barge45, Barge49",0,Request48,17,47,29,147,0.0,0.0,1,0.0,0.0,204.0,1245.6002,1347.6002,325,47,2,1721.6001999999862
404,47,"Barge41, Barge48, Barge49",0,Request48,17,47,29,147,0.0,0.0,2,0.0,0.0,306.0,1263.18075,1365.18075,322,47,3,1773.1807499999995
405,47,"Barge41, Barge48, Truck32",0,Request48,17,47,29,147,0.0,0.0,2,0.0,0.0,816.0,1127.2359999999999,1484.2359999999999,748,47,4,1892.2360000000044
406,47,"Barge41, Barge47, Train29",0,Request48,17,47,29,147,0.0,0.0,2,0.0,0.0,816.0,1612.10745,1969.10745,321,47,5,2377.1074500000104
407,47,"Barge41, Barge47, Truck29",0,Request48,17,47,29,147,0.0,0.0,2,0.0,0.0,816.0,2109.8802,2466.8802,746,47,6,2874.880200000014
408,47,"Barge41, Train28, Barge49",0,Request48,17,47,29,147,0.0,0.0,2,0.0,0.0,816.0,2431.65195,2533.65195,324,47,7,2941.6519499999995
409,47,"Barge41, Train28, Truck32",0,Request48,17,47,29,147,0.0,0.0,2,0.0,0.0,1326.0,2261.7072000000003,2618.7072000000003,752,47,8,3026.7072000000044
410,47,"Train26, Barge49",0,Request48,17,47,29,147,0.0,0.0,1,0.0,0.0,714.0,1996.837,2353.8370000000004,328,47,9,3135.8369999999995
411,47,"Train26, Truck32",0,Request48,17,47,29,147,0.0,0.0,1,0.0,0.0,1224.0,1792.89225,2404.89225,756,47,10,3186.8922500000044
412,48,"Barge23, Train30",0,Request49,5,48,82,228,8.0,0.0,1,8.0,0.0,210.0,331.54175,476.54175,169,48,1,476.54175000000396
413,48,Train14,0,Request49,5,48,82,228,0.0,0.0,0,0.0,0.0,180.0,366.74750000000006,546.7475000000001,180,48,2,576.7474999999977
414,48,"Barge23, Truck30",0,Request49,5,48,82,228,0.0,0.0,1,0.0,0.0,210.0,558.048,663.048,562,48,3,703.0480000000098
415,48,"Train11, Train32",0,Request49,5,48,82,228,0.0,0.0,1,0.0,0.0,360.0,637.94375,817.94375,179,48,4,902.9437500000058
416,48,"Train11, Truck33",0,Request49,5,48,82,228,0.0,0.0,1,0.0,0.0,360.0,731.8475000000001,911.8475000000001,572,48,5,996.8475000000035
417,49,"Barge33, Barge48, Truck33",0,Request50,14,49,14,111,37.0,0.0,2,37.0,0.0,672.0,1453.2455,2265.2455,696,49,1,2265.24549999999
418,49,"Barge35, Train30",0,Request50,14,49,14,111,0.0,0.0,1,0.0,0.0,588.0,1809.8388,2103.8388,277,49,2,2348.8387999999977
419,49,"Barge36, Train30",0,Request50,14,49,14,111,0.0,0.0,1,0.0,0.0,588.0,1137.8388,1431.8388,278,49,3,2348.8387999999977
420,49,"Barge33, Barge47, Train30",0,Request50,14,49,14,111,0.0,0.0,2,0.0,0.0,672.0,1513.9264,1807.9264000000003,273,49,4,2388.9263999999966
421,49,"Barge33, Barge48, Train32",0,Request50,14,49,14,111,0.0,0.0,2,0.0,0.0,672.0,1477.3149999999998,1771.3149999999998,274,49,5,2450.3150000000023
422,49,Train22,0,Request50,14,49,14,111,0.0,0.0,0,0.0,0.0,504.0,1100.2425,1604.2425,283,49,6,2500.242499999993
423,49,"Barge33, Train28, Truck33",0,Request50,14,49,14,111,0.0,0.0,2,0.0,0.0,1092.0,2387.5159000000003,2681.5159000000003,700,49,7,3199.5158999999985
424,49,"Barge33, Train27, Train30",0,Request50,14,49,14,111,0.0,0.0,2,0.0,0.0,1092.0,2341.5854,2635.5854,275,49,8,3216.585400000011
425,49,"Train17, Train30",0,Request50,14,49,14,111,0.0,0.0,1,0.0,0.0,1008.0,1915.893,2419.893,279,49,9,3378.893000000011
426,49,"Train18, Train30",0,Request50,14,49,14,111,0.0,0.0,1,0.0,0.0,1008.0,1579.893,2083.893,280,49,10,3378.893000000011
427,50,Barge39,0,Request51,21,50,25,121,41.0,0.0,0,41.0,0.0,126.0,342.39975,1329.39975,263,50,1,1329.3997500000114
428,50,"Barge35, Truck29",0,Request51,21,50,25,121,0.0,0.0,1,0.0,0.0,882.0,1702.6054499999998,2143.60545,679,50,2,2185.6054500000027
429,50,"Barge33, Barge48, Barge49",0,Request51,21,50,25,121,0.0,0.0,2,0.0,0.0,378.0,1598.814,1724.814,258,50,3,2302.314000000013
430,50,"Barge33, Barge48, Truck32",0,Request51,21,50,25,121,0.0,0.0,2,0.0,0.0,1008.0,1430.8822499999999,1871.8822499999999,674,50,4,2417.882249999995
431,50,"Barge35, Train29",0,Request51,21,50,25,121,0.0,0.0,1,0.0,0.0,882.0,2473.7097,2914.7097000000003,261,50,5,2956.7097000000067
432,50,"Barge36, Train29",0,Request51,21,50,25,121,0.0,0.0,1,0.0,0.0,882.0,1465.7096999999999,1906.7096999999999,262,50,6,2956.7097000000067
433,50,"Barge33, Barge47, Train29",0,Request51,21,50,25,121,0.0,0.0,2,0.0,0.0,1008.0,2029.8410999999999,2470.8411,257,50,7,3016.8410999999905
434,50,Train21,0,Request51,21,50,25,121,0.0,0.0,0,0.0,0.0,756.0,1210.26675,1966.26675,268,50,8,3058.26675000001
435,50,"Barge36, Truck29",0,Request51,21,50,25,121,0.0,0.0,1,0.0,0.0,882.0,1702.6054499999998,2143.60545,680,50,9,3193.6054500000027
436,50,"Barge33, Barge47, Truck29",0,Request51,21,50,25,121,0.0,0.0,2,0.0,0.0,1008.0,2644.7368500000002,3085.7368500000002,672,50,10,3631.7368499999866
437,51,Train15,0,Request52,22,51,28,160,23.0,0.0,0,23.0,0.0,792.0,3457.905,4755.905000000001,232,51,1,4755.904999999999
438,51,"Barge26, Train33",0,Request52,22,51,28,160,0.0,0.0,1,0.0,0.0,924.0,3557.2284000000004,4019.2284000000004,221,51,2,5207.228399999993
439,51,"Barge19, Train31",0,Request52,22,51,28,160,0.0,0.0,1,0.0,0.0,924.0,4628.263199999999,5090.263199999999,215,51,3,5266.263199999987
440,51,"Barge20, Train31",0,Request52,22,51,28,160,0.0,0.0,1,0.0,0.0,924.0,4496.263199999999,4958.263199999999,216,51,4,5266.263199999987
441,51,"Barge21, Train31",0,Request52,22,51,28,160,0.0,0.0,1,0.0,0.0,924.0,4100.263199999999,4562.263199999999,217,51,5,5266.263199999987
442,51,"Barge23, Train31",0,Request52,22,51,28,160,0.0,0.0,1,0.0,0.0,924.0,3440.2632,3902.2632,219,51,6,5266.263199999987
443,51,"Barge22, Train31",0,Request52,22,51,28,160,0.0,0.0,1,0.0,0.0,924.0,3968.2632,4430.263199999999,218,51,7,5266.263199999987
444,51,"Barge24, Train31",0,Request52,22,51,28,160,0.0,0.0,1,0.0,0.0,924.0,3308.2632,3770.2632,220,51,8,5266.263199999987
445,51,"Barge06, Barge48, Train33",0,Request52,22,51,28,160,0.0,0.0,2,0.0,0.0,1056.0,4567.7258,5029.7258,202,51,9,5271.725800000015
446,51,"Barge07, Barge48, Train33",0,Request52,22,51,28,160,0.0,0.0,2,0.0,0.0,1056.0,4303.7258,4765.7258,206,51,10,5271.725800000015
447,52,"Barge45, Train33",0,Request53,23,52,41,206,10.0,0.0,1,10.0,0.0,966.0,4432.70605,5145.70605,349,52,1,5145.706050000008
448,52,"Barge41, Barge48, Train33",0,Request53,23,52,41,206,0.0,0.0,2,0.0,0.0,1104.0,4456.4915,4939.4915,346,52,2,5215.491500000004
449,52,"Barge41, Barge47, Train31",0,Request53,23,52,41,206,0.0,0.0,2,0.0,0.0,1104.0,4516.6388,4999.6388,345,52,3,5275.638799999986
450,52,"Barge41, Train27, Train31",0,Request53,23,52,41,206,0.0,0.0,2,0.0,0.0,1794.0,5876.3643,6359.3643,347,52,4,6635.3642999999865
451,52,"Train24, Train31",0,Request53,23,52,41,206,0.0,0.0,1,0.0,0.0,1656.0,4817.07975,5645.07975,350,52,5,6680.079750000004
452,52,"Barge41, Train28, Train33",0,Request53,23,52,41,206,0.0,0.0,2,0.0,0.0,1794.0,6037.3643,6520.3643,348,52,6,6796.3642999999865
453,52,"Train26, Train33",0,Request53,23,52,41,206,0.0,0.0,1,0.0,0.0,1656.0,5449.08525,6277.085249999999,352,52,7,7059.085250000004
454,52,"Barge41, Truck25, Train31",0,Request53,23,52,41,206,0.0,0.0,2,0.0,0.0,1794.0,6698.8788,7181.8788,785,52,8,7457.878800000006
455,52,"Barge41, Truck26, Train33",0,Request53,23,52,41,206,0.0,0.0,2,0.0,0.0,1794.0,7341.050300000001,7824.050300000001,787,52,9,8100.050300000003
456,52,"Barge41, Truck25, Train31",0,Request53,23,52,41,206,0.0,0.0,2,0.0,0.0,1794.0,7388.8788,7871.8788,789,52,10,8147.878800000006
457,53,Barge21,0,Request54,21,53,45,175,15.0,0.0,0,15.0,0.0,126.0,254.3541,695.3541,41,53,1,695.3540999999968
458,53,Barge22,0,Request54,21,53,45,175,0.0,0.0,0,0.0,0.0,126.0,254.3541,380.35409999999996,42,53,2,821.3540999999968
459,53,"Barge01, Barge36",0,Request54,21,53,45,175,0.0,0.0,1,0.0,0.0,252.0,787.7026500000001,913.7026500000001,18,53,3,1081.702649999992
460,53,Barge23,0,Request54,21,53,45,175,0.0,0.0,0,0.0,0.0,126.0,254.3541,380.35409999999996,43,53,4,1325.3540999999968
461,53,"Barge07, Barge47",0,Request54,21,53,45,175,0.0,0.0,1,0.0,0.0,252.0,1175.4855,1301.4855,32,53,5,1427.4855000000098
462,53,"Barge08, Barge47",0,Request54,21,53,45,175,0.0,0.0,1,0.0,0.0,252.0,923.4854999999999,1049.4855,34,53,6,1427.4855000000098
463,53,"Barge09, Barge47",0,Request54,21,53,45,175,0.0,0.0,1,0.0,0.0,252.0,671.4855,797.4854999999999,36,53,7,1427.4855000000098
464,53,Barge24,0,Request54,21,53,45,175,0.0,0.0,0,0.0,0.0,126.0,254.3541,380.35409999999996,44,53,8,1451.3540999999968
465,53,"Barge02, Barge43",0,Request54,21,53,45,175,0.0,0.0,1,0.0,0.0,252.0,1240.63695,1366.63695,21,53,9,1534.6369500000146
466,53,Train05,0,Request54,21,53,45,175,0.0,0.0,0,0.0,0.0,756.0,880.1940000000001,1636.194,50,53,10,1888.1939999999886
467,54,"Barge04, Barge48, Truck33",0,Request55,23,54,13,74,2.0,12.4,2,2.0,12.4,1104.0,3216.2602,4030.4602,519,54,1,4030.4602000000014
468,54,"Barge05, Barge48, Truck33",0,Request55,23,54,13,74,0.0,0.0,2,0.0,0.0,1104.0,2940.2602,3423.2602,527,54,2,4030.4602000000014
469,54,"Barge06, Barge48, Truck33",0,Request55,23,54,13,74,0.0,0.0,2,0.0,0.0,1104.0,2664.2602,3147.2602,535,54,3,4030.4602000000014
470,54,"Barge07, Barge48, Truck33",0,Request55,23,54,13,74,0.0,0.0,2,0.0,0.0,1104.0,2388.2602,2871.2602,543,54,4,4030.4602000000014
471,54,"Barge01, Train22",0,Request55,23,54,13,74,0.0,0.0,1,0.0,0.0,966.0,2794.97035,3277.9703499999996,136,54,5,4462.470349999989
472,54,"Barge26, Truck33",0,Request55,23,54,13,74,0.0,0.0,1,0.0,0.0,966.0,1918.3310999999999,2401.3311,563,54,6,4689.83110000001
473,54,Train14,0,Request55,23,54,13,74,0.0,0.0,0,0.0,0.0,828.0,1687.0385,2515.0385,180,54,7,4723.038499999995
474,54,"Barge18, Train30",0,Request55,23,54,13,74,0.0,0.0,1,0.0,0.0,966.0,3181.0920499999997,3664.0920499999997,164,54,8,4733.592050000007
475,54,"Barge19, Train30",0,Request55,23,54,13,74,0.0,0.0,1,0.0,0.0,966.0,2767.09205,3250.09205,165,54,9,4733.592050000007
476,54,"Barge20, Train30",0,Request55,23,54,13,74,0.0,0.0,1,0.0,0.0,966.0,2629.09205,3112.09205,166,54,10,4733.592050000007
477,55,"Barge26, Train33",0,Request56,5,55,59,189,23.0,0.0,1,23.0,0.0,210.0,808.461,1028.461,221,55,1,1028.4610000000102
478,55,"Barge21, Train31",0,Request56,5,55,59,189,0.0,0.0,1,0.0,0.0,210.0,931.8779999999999,1036.878,217,55,2,1041.877999999997
479,55,"Barge22, Train31",0,Request56,5,55,59,189,0.0,0.0,1,0.0,0.0,210.0,901.8779999999999,1006.8779999999999,218,55,3,1041.877999999997
480,55,"Barge23, Train31",0,Request56,5,55,59,189,0.0,0.0,1,0.0,0.0,210.0,781.8779999999999,886.8779999999999,219,55,4,1041.877999999997
481,55,"Barge24, Train31",0,Request56,5,55,59,189,0.0,0.0,1,0.0,0.0,210.0,751.8779999999999,856.8779999999999,220,55,5,1041.877999999997
482,55,"Barge08, Barge47, Train31",0,Request56,5,55,59,189,0.0,0.0,2,0.0,0.0,240.0,931.195,1036.195,209,55,6,1056.195000000007
483,55,"Barge09, Barge47, Train31",0,Request56,5,55,59,189,0.0,0.0,2,0.0,0.0,240.0,871.195,976.195,212,55,7,1056.195000000007
484,55,Train16,0,Request56,5,55,59,189,0.0,0.0,0,0.0,0.0,180.0,785.8875,965.8875,233,55,8,1165.8875000000116
485,55,"Barge08, Train27, Train31",0,Request56,5,55,59,189,0.0,0.0,2,0.0,0.0,390.0,1226.7875,1331.7875,210,55,9,1351.7875000000058
486,55,"Train06, Train31",0,Request56,5,55,59,189,0.0,0.0,1,0.0,0.0,360.0,1095.8875,1275.8875,227,55,10,1385.8875000000116
487,56,"Barge36, Train31",0,Request57,17,56,45,155,30.0,0.0,1,30.0,0.0,714.0,2912.80465,3779.80465,293,56,1,3779.8046500000055
488,56,"Barge33, Barge48, Train33",0,Request57,17,56,45,155,0.0,0.0,2,0.0,0.0,816.0,3325.0257500000002,3682.0257500000002,289,56,2,3784.0257500000007
489,56,"Barge33, Barge47, Train31",0,Request57,17,56,45,155,0.0,0.0,2,0.0,0.0,816.0,3369.48245,3726.48245,288,56,3,3828.4824500000104
490,56,Train23,0,Request57,17,56,45,155,0.0,0.0,0,0.0,0.0,612.0,2761.08475,3373.08475,298,56,4,3951.084750000009
491,56,"Barge33, Train27, Train31",0,Request57,17,56,45,155,0.0,0.0,2,0.0,0.0,1326.0,4374.49695,4731.49695,290,56,5,4833.496950000001
492,56,"Barge33, Train28, Train33",0,Request57,17,56,45,155,0.0,0.0,2,0.0,0.0,1326.0,4493.49695,4850.49695,291,56,6,4952.496950000001
493,56,"Train17, Train31",0,Request57,17,56,45,155,0.0,0.0,1,0.0,0.0,1224.0,3857.58475,4469.58475,294,56,7,5030.584750000009
494,56,"Train18, Train31",0,Request57,17,56,45,155,0.0,0.0,1,0.0,0.0,1224.0,3449.58475,4061.58475,295,56,8,5030.584750000009
495,56,"Train19, Train33",0,Request57,17,56,45,155,0.0,0.0,1,0.0,0.0,1224.0,4188.71925,4800.71925,296,56,9,5310.719249999995
496,56,"Train20, Train33",0,Request57,17,56,45,155,0.0,0.0,1,0.0,0.0,1224.0,3780.71925,4392.71925,297,56,10,5310.719249999995
497,57,"Barge33, Barge48",0,Request58,9,57,50,133,1.0,0.0,1,1.0,0.0,108.0,304.24275,367.24275,247,57,1,367.2427500000049
498,57,Barge37,0,Request58,9,57,50,133,0.0,0.0,0,0.0,0.0,54.0,138.35745,192.35745,249,57,2,669.3574500000104
499,57,"Barge33, Train28",0,Request58,9,57,50,133,0.0,0.0,1,0.0,0.0,378.0,769.8451500000001,958.8451500000001,248,57,3,967.8451500000083
500,57,Train19,0,Request58,9,57,50,133,0.0,0.0,0,0.0,0.0,324.0,612.9922499999999,936.9922499999999,250,57,4,1161.9922500000102
501,57,Train20,0,Request58,9,57,50,133,0.0,0.0,0,0.0,0.0,324.0,612.9922499999999,936.9922499999999,251,57,5,1377.9922500000102
502,57,"Barge33, Truck26",0,Request58,9,57,50,133,0.0,0.0,1,0.0,0.0,378.0,1225.08315,1414.08315,661,57,6,1423.0831499999913
503,57,"Barge33, Truck26",0,Request58,9,57,50,133,0.0,0.0,1,0.0,0.0,378.0,1360.08315,1549.08315,662,57,7,1558.0831499999913
504,58,"Barge23, Train30",0,Request59,27,58,78,181,12.0,0.0,1,12.0,0.0,1134.0,1790.3254499999998,2681.32545,169,58,1,2681.325450000004
505,58,"Barge26, Truck33",0,Request59,27,58,78,181,0.0,0.0,1,0.0,0.0,1134.0,2251.9539,2818.9539,563,58,2,2926.953899999993
506,58,Train14,0,Request59,27,58,78,181,0.0,0.0,0,0.0,0.0,972.0,1980.4365000000003,2952.4365000000003,180,58,3,3222.4365000000107
507,58,"Train06, Train30",0,Request59,27,58,78,181,0.0,0.0,1,0.0,0.0,1944.0,3485.9767500000003,4457.97675,176,58,4,4538.976750000002
508,58,"Train11, Truck33",0,Request59,27,58,78,181,0.0,0.0,1,0.0,0.0,1944.0,3951.9765000000007,4923.976500000001,572,58,5,5490.97649999999
509,59,"Barge33, Barge48, Truck33",0,Request60,19,59,10,74,41.0,12.4,2,41.0,12.4,912.0,1972.2617500000001,3385.86175,696,59,1,3385.861750000011
510,59,Train22,0,Request60,19,59,10,74,0.0,0.0,0,0.0,0.0,684.0,1493.1862500000002,2177.18625,283,59,2,3687.686249999999
511,59,"Barge33, Train28, Truck33",0,Request60,19,59,10,74,0.0,0.0,2,0.0,0.0,1482.0,3240.20015,3639.20015,700,59,3,4615.8001499999955
512,59,"Train19, Truck33",0,Request60,19,59,10,74,0.0,0.0,1,0.0,0.0,1368.0,2880.56625,3564.56625,705,59,4,5069.366249999992
513,59,"Train20, Truck33",0,Request60,19,59,10,74,0.0,0.0,1,0.0,0.0,1368.0,2880.56625,3564.56625,706,59,5,5981.366249999992
514,60,Barge20,0,Request61,24,60,37,147,5.0,0.0,0,5.0,0.0,144.0,290.6904,554.6904,40,60,1,554.6903999999922
515,60,Barge21,0,Request61,24,60,37,147,0.0,0.0,0,0.0,0.0,144.0,290.6904,434.69039999999995,41,60,2,986.6903999999922
516,60,Barge22,0,Request61,24,60,37,147,0.0,0.0,0,0.0,0.0,144.0,290.6904,434.69039999999995,42,60,3,1130.6903999999922
517,60,"Barge01, Barge36",0,Request61,24,60,37,147,0.0,0.0,1,0.0,0.0,288.0,900.2316000000001,1044.2316,18,60,4,1428.2315999999992
518,60,Barge23,0,Request61,24,60,37,147,0.0,0.0,0,0.0,0.0,144.0,290.6904,434.69039999999995,43,60,5,1706.6903999999922
519,60,"Barge06, Barge47",0,Request61,24,60,37,147,0.0,0.0,1,0.0,0.0,288.0,1631.4119999999998,1775.4119999999998,30,60,6,1823.4120000000112
520,60,"Barge07, Barge47",0,Request61,24,60,37,147,0.0,0.0,1,0.0,0.0,288.0,1343.4119999999998,1487.4119999999998,32,60,7,1823.4120000000112
521,60,"Barge08, Barge47",0,Request61,24,60,37,147,0.0,0.0,1,0.0,0.0,288.0,1055.4119999999998,1199.4119999999998,34,60,8,1823.4120000000112
522,60,"Barge09, Barge47",0,Request61,24,60,37,147,0.0,0.0,1,0.0,0.0,288.0,767.412,911.4119999999999,36,60,9,1823.4120000000112
523,60,Barge24,0,Request61,24,60,37,147,0.0,0.0,0,0.0,0.0,144.0,290.6904,434.69039999999995,44,60,10,1850.6903999999922
524,61,"Barge40, Barge47, Train31",0,Request62,12,61,3,73,2.0,52.0,2,2.0,52.0,576.0,2932.5072,3832.5071999999996,341,61,1,3832.5071999999927
525,61,"Barge41, Barge47, Train31",0,Request62,12,61,3,73,0.0,0.0,2,0.0,0.0,576.0,2356.5072,2608.5072,345,61,2,3832.5071999999927
526,61,"Barge45, Train33",0,Request62,12,61,3,73,0.0,0.0,1,0.0,0.0,504.0,2312.7162,2564.7162,349,61,3,3848.7161999999953
527,61,"Barge40, Barge48, Train33",0,Request62,12,61,3,73,0.0,0.0,2,0.0,0.0,576.0,2901.126,3153.1259999999997,342,61,4,3885.1259999999893
528,61,"Barge41, Barge48, Train33",0,Request62,12,61,3,73,0.0,0.0,2,0.0,0.0,576.0,2325.126,2577.126,346,61,5,3885.1259999999893
529,61,"Barge40, Train27, Train31",0,Request62,12,61,3,73,0.0,0.0,2,0.0,0.0,936.0,3641.9292,3893.9292,343,61,6,4541.929200000013
530,61,"Barge41, Train27, Train31",0,Request62,12,61,3,73,0.0,0.0,2,0.0,0.0,936.0,3065.9292,3317.9292,347,61,7,4541.929200000013
531,61,"Train24, Train31",0,Request62,12,61,3,73,0.0,0.0,1,0.0,0.0,864.0,2513.259,2945.259,350,61,8,4565.258999999991
532,61,"Barge40, Train28, Train33",0,Request62,12,61,3,73,0.0,0.0,2,0.0,0.0,936.0,3725.9292,3977.9292,344,61,9,4709.929200000013
533,61,"Barge41, Train28, Train33",0,Request62,12,61,3,73,0.0,0.0,2,0.0,0.0,936.0,3149.9292,3401.9292,348,61,10,4709.929200000013
534,62,Barge23,0,Request63,7,62,74,196,16.0,0.0,0,16.0,0.0,42.0,84.7847,238.7847,43,62,1,238.78469999998924
535,62,"Barge09, Barge47",0,Request63,7,62,74,196,0.0,0.0,1,0.0,0.0,84.0,223.8285,265.82849999999996,36,62,2,272.82850000000326
536,62,Barge24,0,Request63,7,62,74,196,0.0,0.0,0,0.0,0.0,42.0,84.7847,126.78469999999999,44,62,3,280.78469999998924
537,62,Barge25,0,Request63,7,62,74,196,0.0,0.0,0,0.0,0.0,42.0,84.7847,126.78469999999999,45,62,4,448.78469999998924
538,62,Train06,0,Request63,7,62,74,196,0.0,0.0,0,0.0,0.0,252.0,293.398,545.398,51,62,5,594.3979999999865
539,62,Train07,0,Request63,7,62,74,196,0.0,0.0,0,0.0,0.0,252.0,293.398,545.398,52,62,6,762.3979999999865
540,62,"Barge09, Truck25",0,Request63,7,62,74,196,0.0,0.0,1,0.0,0.0,294.0,732.5885000000001,879.5885000000001,395,62,7,886.5885000000126
541,62,Train08,0,Request63,7,62,74,196,0.0,0.0,0,0.0,0.0,252.0,293.398,545.398,53,62,8,930.3979999999865
542,63,Barge31,0,Request64,22,63,78,154,2.0,0.0,0,2.0,0.0,132.0,348.4558,524.4558000000001,120,63,1,524.4557999999961
543,63,"Barge26, Barge49",0,Request64,22,63,78,154,0.0,0.0,1,0.0,0.0,264.0,929.2018999999999,1061.2019,119,63,2,1149.2018999999855
544,63,"Barge26, Truck32",0,Request64,22,63,78,154,0.0,0.0,1,0.0,0.0,924.0,1050.2734,1512.2734,483,63,3,1600.2734000000055
545,63,"Barge23, Train29",0,Request64,22,63,78,154,0.0,0.0,1,0.0,0.0,924.0,1206.2567,1668.2567,118,63,4,1932.256699999998
546,63,"Barge23, Truck29",0,Request64,22,63,78,154,0.0,0.0,1,0.0,0.0,924.0,1773.4332000000002,2235.4332,482,63,5,2499.4331999999995
547,63,Train13,0,Request64,22,63,78,154,0.0,0.0,0,0.0,0.0,792.0,1152.635,1944.635,130,63,6,2648.6350000000093
548,63,"Train11, Barge49",0,Request64,22,63,78,154,0.0,0.0,1,0.0,0.0,924.0,2160.4055,2622.4055,129,63,7,3084.4054999999935
549,63,"Train06, Train29",0,Request64,22,63,78,154,0.0,0.0,1,0.0,0.0,1584.0,2587.8985,3379.8985000000002,126,63,8,3445.8985000000102
550,63,"Train06, Truck29",0,Request64,22,63,78,154,0.0,0.0,1,0.0,0.0,1584.0,2759.075,3551.075,489,63,9,3617.0750000000116
551,63,"Train11, Truck32",0,Request64,22,63,78,154,0.0,0.0,1,0.0,0.0,1584.0,2435.4770000000003,3227.4770000000003,492,63,10,3689.4770000000135
552,64,"Barge01, Train23",0,Request65,15,64,25,95,28.0,0.0,1,28.0,0.0,630.0,3095.2267500000003,3830.2267500000003,186,64,1,3830.2267500000016
553,64,"Barge19, Train31",0,Request65,15,64,25,95,0.0,0.0,1,0.0,0.0,630.0,3155.634,3470.634,215,64,2,4085.633999999991
554,64,"Barge05, Barge47, Train31",0,Request65,15,64,25,95,0.0,0.0,2,0.0,0.0,720.0,3333.585,3648.585,197,64,3,4128.584999999992
555,64,"Barge06, Barge47, Train31",0,Request65,15,64,25,95,0.0,0.0,2,0.0,0.0,720.0,3153.585,3468.585,201,64,4,4128.584999999992
556,64,"Barge07, Barge47, Train31",0,Request65,15,64,25,95,0.0,0.0,2,0.0,0.0,720.0,2973.585,3288.585,205,64,5,4128.584999999992
557,64,"Barge08, Barge47, Train31",0,Request65,15,64,25,95,0.0,0.0,2,0.0,0.0,720.0,2793.585,3108.585,209,64,6,4128.584999999992
558,64,"Barge01, Barge36, Train31",0,Request65,15,64,25,95,0.0,0.0,2,0.0,0.0,720.0,2944.09725,3259.09725,181,64,7,4129.097249999992
559,64,"Barge05, Barge48, Train33",0,Request65,15,64,25,95,0.0,0.0,2,0.0,0.0,720.0,3294.3585,3609.3585,198,64,8,4194.358500000002
560,64,"Barge06, Barge48, Train33",0,Request65,15,64,25,95,0.0,0.0,2,0.0,0.0,720.0,3114.3585,3429.3585,202,64,9,4194.358500000002
561,64,"Barge07, Barge48, Train33",0,Request65,15,64,25,95,0.0,0.0,2,0.0,0.0,720.0,2934.3585,3249.3585,206,64,10,4194.358500000002
562,65,Train14,0,Request66,23,65,86,162,2.0,0.0,0,2.0,0.0,828.0,1687.0385,2561.0385,180,65,1,2561.038499999995
563,0,Barge31,1,Request67,30,0,238,372,10.0,0.0,0,10.0,0.0,180.0,475.16700000000003,955.167,120,0,1,955.1669999999867
564,0,"Barge26, Barge49",1,Request67,30,0,238,372,0.0,0.0,1,0.0,0.0,360.0,1267.0935,1447.0935,119,0,2,1807.0934999999881
565,0,"Barge26, Truck32",1,Request67,30,0,238,372,0.0,0.0,1,0.0,0.0,1260.0,1432.191,2062.191,483,0,3,2422.1909999999916
566,0,"Barge23, Train29",1,Request67,30,0,238,372,0.0,0.0,1,0.0,0.0,1260.0,1644.8955,2274.8954999999996,118,0,4,2874.8955000000133
567,0,"Barge09, Barge47, Train29",1,Request67,30,0,238,372,0.0,0.0,2,0.0,0.0,1440.0,2180.7975,2810.7975,111,0,5,2960.797499999986
568,0,"Barge23, Truck29",1,Request67,30,0,238,372,0.0,0.0,1,0.0,0.0,1260.0,2418.318,3048.318,482,0,6,3648.3179999999993
569,0,"Barge09, Barge47, Truck29",1,Request67,30,0,238,372,0.0,0.0,2,0.0,0.0,1440.0,3059.2200000000003,3689.2200000000003,475,0,7,3839.220000000001
570,0,Train13,1,Request67,30,0,238,372,0.0,0.0,0,0.0,0.0,1080.0,1571.7749999999999,2651.775,130,0,8,3851.774999999994
571,0,"Train10, Barge49",1,Request67,30,0,238,372,0.0,0.0,1,0.0,0.0,1260.0,3666.0074999999997,4296.0075,128,0,9,4446.007500000007
572,0,"Train11, Barge49",1,Request67,30,0,238,372,0.0,0.0,1,0.0,0.0,1260.0,2946.0074999999997,3576.0074999999997,129,0,10,4446.007500000007
573,1,Barge39,1,Request68,23,1,181,347,53.0,0.0,0,53.0,0.0,138.0,375.00924999999995,1732.00925,263,1,1,1732.0092500000028
574,1,"Barge35, Truck29",1,Request68,23,1,181,347,0.0,0.0,1,0.0,0.0,966.0,1864.7583499999998,2347.75835,679,1,2,2669.758349999989
575,1,"Barge33, Barge48, Barge49",1,Request68,23,1,181,347,0.0,0.0,2,0.0,0.0,414.0,1751.082,1889.082,258,1,3,2763.081999999995
576,1,"Barge33, Barge48, Truck32",1,Request68,23,1,181,347,0.0,0.0,2,0.0,0.0,1104.0,1567.1567499999999,2050.15675,674,1,4,2924.1567499999946
577,1,"Barge35, Train29",1,Request68,23,1,181,347,0.0,0.0,1,0.0,0.0,966.0,2709.3011,3192.3011,261,1,5,3514.3011000000115
578,1,"Barge36, Train29",1,Request68,23,1,181,347,0.0,0.0,1,0.0,0.0,966.0,1605.3011,2088.3011,262,1,6,3514.3011000000115
579,1,"Barge33, Barge47, Train29",1,Request68,23,1,181,347,0.0,0.0,2,0.0,0.0,1104.0,2223.1593,2706.1593,257,1,7,3580.1592999999993
580,1,Train21,1,Request68,23,1,181,347,0.0,0.0,0,0.0,0.0,828.0,1325.53025,2153.53025,268,1,8,3625.5302500000107
581,1,"Barge36, Truck29",1,Request68,23,1,181,347,0.0,0.0,1,0.0,0.0,966.0,1864.7583499999998,2347.75835,680,1,9,3773.758349999989
582,1,"Barge33, Barge47, Truck29",1,Request68,23,1,181,347,0.0,0.0,2,0.0,0.0,1104.0,2896.61655,3379.61655,672,1,10,4253.616550000006
583,2,Train23,1,Request69,24,2,166,231,81.0,31.5,0,81.0,31.5,864.0,3898.0020000000004,7462.0019999999995,298,2,1,7462.002000000008
584,2,"Barge35, Train31",1,Request69,24,2,166,231,0.0,0.0,1,0.0,0.0,1008.0,5264.1948,5768.1948,292,2,2,7952.1947999999975
585,2,"Barge36, Train31",1,Request69,24,2,166,231,0.0,0.0,1,0.0,0.0,1008.0,4112.1948,4616.1948,293,2,3,7952.1947999999975
586,2,"Barge32, Barge47, Train31",1,Request69,24,2,166,231,0.0,0.0,2,0.0,0.0,1152.0,5908.9164,6412.916399999999,284,2,4,8020.916399999987
587,2,"Barge33, Barge47, Train31",1,Request69,24,2,166,231,0.0,0.0,2,0.0,0.0,1152.0,4756.9164,5260.9164,288,2,5,8020.916399999987
588,2,"Barge32, Barge48, Train33",1,Request69,24,2,166,231,0.0,0.0,2,0.0,0.0,1152.0,5846.154,6350.1539999999995,285,2,6,8126.15400000001
589,2,"Barge33, Barge48, Train33",1,Request69,24,2,166,231,0.0,0.0,2,0.0,0.0,1152.0,4694.154,5198.154,289,2,7,8126.15400000001
590,2,"Barge32, Train27, Train31",1,Request69,24,2,166,231,0.0,0.0,2,0.0,0.0,1872.0,7327.7604,7831.7604,286,2,8,9439.7604
591,2,"Barge33, Train27, Train31",1,Request69,24,2,166,231,0.0,0.0,2,0.0,0.0,1872.0,6175.7604,6679.7604,290,2,9,9439.7604
592,2,"Train17, Train31",1,Request69,24,2,166,231,0.0,0.0,1,0.0,0.0,1728.0,5446.002,6310.0019999999995,294,2,10,9718.002000000008
593,3,"Barge01, Barge39",1,Request70,9,3,199,308,22.0,0.0,1,22.0,0.0,108.0,290.12805,542.12805,80,3,1,542.1280499999993
594,3,Barge31,1,Request70,9,3,199,308,0.0,0.0,0,0.0,0.0,54.0,142.55010000000001,196.55010000000001,120,3,2,637.5500999999931
595,3,"Barge26, Barge49",1,Request70,9,3,199,308,0.0,0.0,1,0.0,0.0,108.0,380.12805,434.12805,119,3,3,893.1280499999993
596,3,"Barge06, Barge48, Barge49",1,Request70,9,3,199,308,0.0,0.0,2,0.0,0.0,162.0,793.51335,847.51335,101,3,4,919.5133499999938
597,3,"Barge07, Barge48, Barge49",1,Request70,9,3,199,308,0.0,0.0,2,0.0,0.0,162.0,685.51335,739.51335,105,3,5,919.5133499999938
598,3,"Barge19, Truck29",1,Request70,9,3,199,308,0.0,0.0,1,0.0,0.0,378.0,725.4954,914.4954,478,3,6,959.4954000000143
599,3,"Barge06, Barge48, Truck32",1,Request70,9,3,199,308,0.0,0.0,2,0.0,0.0,432.0,721.5426,910.5426,455,3,7,982.5425999999861
600,3,"Barge07, Barge48, Truck32",1,Request70,9,3,199,308,0.0,0.0,2,0.0,0.0,432.0,613.5426,802.5426,463,3,8,982.5425999999861
601,3,"Barge20, Truck29",1,Request70,9,3,199,308,0.0,0.0,1,0.0,0.0,378.0,725.4954,914.4954,479,3,9,1013.4954000000143
602,3,"Barge26, Truck32",1,Request70,9,3,199,308,0.0,0.0,1,0.0,0.0,378.0,429.65729999999996,618.6573,483,3,10,1077.6572999999917
603,4,"Barge18, Truck30",1,Request71,16,4,184,234,2.0,0.0,1,2.0,0.0,672.0,1785.7536,2153.7536,557,4,1,2153.7535999999964
604,4,"Barge19, Truck30",1,Request71,16,4,184,234,0.0,0.0,1,0.0,0.0,672.0,1785.7536,2121.7536,558,4,2,2441.7535999999964
605,4,"Barge20, Truck30",1,Request71,16,4,184,234,0.0,0.0,1,0.0,0.0,672.0,1785.7536,2121.7536,559,4,3,2537.7535999999964
606,4,"Barge05, Barge48, Truck33",1,Request71,16,4,184,234,0.0,0.0,2,0.0,0.0,768.0,2045.3984,2381.3984,527,4,4,2883.7983999999997
607,4,"Barge07, Barge48, Truck33",1,Request71,16,4,184,234,0.0,0.0,2,0.0,0.0,768.0,1661.3984,1997.3984,543,4,5,2883.7983999999997
608,4,"Barge06, Barge48, Truck33",1,Request71,16,4,184,234,0.0,0.0,2,0.0,0.0,768.0,1853.3984,2189.3984,535,4,6,2883.7983999999997
609,4,"Barge21, Truck30",1,Request71,16,4,184,234,0.0,0.0,1,0.0,0.0,672.0,1785.7536,2121.7536,560,4,7,3041.7535999999964
610,4,"Barge01, Train22",1,Request71,16,4,184,234,0.0,0.0,1,0.0,0.0,672.0,1944.3272,2280.3271999999997,136,4,8,3184.3271999999997
611,4,"Barge22, Truck30",1,Request71,16,4,184,234,0.0,0.0,1,0.0,0.0,672.0,1785.7536,2121.7536,561,4,9,3233.7535999999964
612,4,"Train09, Truck33",1,Request71,16,4,184,234,0.0,0.0,1,0.0,0.0,1152.0,2341.9120000000003,2917.9120000000003,570,4,10,3317.912000000011
613,5,"Barge41, Barge47",1,Request72,25,5,208,260,13.0,13.0,1,13.0,13.0,300.0,1352.8025,2152.8025,304,5,1,2152.8024999999907
614,5,Barge43,1,Request72,25,5,208,260,0.0,0.0,0,0.0,0.0,150.0,256.2175,406.2175,306,5,2,2331.217499999999
615,5,"Barge41, Train27",1,Request72,25,5,208,260,0.0,0.0,1,0.0,0.0,1050.0,1780.7650000000003,2305.7650000000003,305,5,3,2630.765000000014
616,5,Train24,1,Request72,25,5,208,260,0.0,0.0,0,0.0,0.0,900.0,916.8687500000001,1816.86875,308,5,4,2966.868749999994
617,5,"Barge41, Truck25",1,Request72,25,5,208,260,0.0,0.0,1,0.0,0.0,1050.0,2569.8025000000002,3094.8025000000002,731,5,5,3419.8024999999907
618,5,Barge44,1,Request72,25,5,208,260,0.0,0.0,0,0.0,0.0,150.0,256.2175,406.2175,307,5,6,3681.217499999999
619,5,"Barge41, Truck25",1,Request72,25,5,208,260,0.0,0.0,1,0.0,0.0,1050.0,2944.8025000000002,3469.8025000000002,732,5,7,3794.8024999999907
620,6,Barge21,1,Request73,14,6,218,277,10.0,0.0,0,10.0,0.0,84.0,169.5694,393.5694,41,6,1,393.5694000000076
621,6,Barge22,1,Request73,14,6,218,277,0.0,0.0,0,0.0,0.0,84.0,169.5694,253.56939999999997,42,6,2,477.5694000000076
622,6,"Barge01, Barge36",1,Request73,14,6,218,277,0.0,0.0,1,0.0,0.0,168.0,525.1351,609.1351,18,6,3,651.1351000000141
623,6,Barge23,1,Request73,14,6,218,277,0.0,0.0,0,0.0,0.0,84.0,169.5694,253.56939999999997,43,6,4,813.5694000000076
624,6,"Barge07, Barge47",1,Request73,14,6,218,277,0.0,0.0,1,0.0,0.0,168.0,783.6569999999999,867.6569999999999,32,6,5,881.6570000000065
625,6,"Barge08, Barge47",1,Request73,14,6,218,277,0.0,0.0,1,0.0,0.0,168.0,615.6569999999999,699.6569999999999,34,6,6,881.6570000000065
626,6,"Barge09, Barge47",1,Request73,14,6,218,277,0.0,0.0,1,0.0,0.0,168.0,447.657,531.6569999999999,36,6,7,881.6570000000065
627,6,Barge24,1,Request73,14,6,218,277,0.0,0.0,0,0.0,0.0,84.0,169.5694,253.56939999999997,44,6,8,897.5694000000076
628,6,"Barge02, Barge43",1,Request73,14,6,218,277,0.0,0.0,1,0.0,0.0,168.0,827.0913,911.0913,21,6,9,967.0913
629,6,Train05,1,Request73,14,6,218,277,0.0,0.0,0,0.0,0.0,504.0,586.796,1090.796,50,6,10,1188.796000000002
630,7,Train23,1,Request74,25,7,172,263,75.0,0.0,0,75.0,0.0,900.0,4060.4187500000003,6835.41875,298,7,1,6835.418750000012
631,7,"Barge35, Train31",1,Request74,25,7,172,263,0.0,0.0,1,0.0,0.0,1050.0,5483.53625,6008.53625,292,7,2,7333.536250000005
632,7,"Barge36, Train31",1,Request74,25,7,172,263,0.0,0.0,1,0.0,0.0,1050.0,4283.53625,4808.53625,293,7,3,7333.536250000005
633,7,"Barge33, Barge47, Train31",1,Request74,25,7,172,263,0.0,0.0,2,0.0,0.0,1200.0,4955.12125,5480.12125,288,7,4,7405.1212499999965
634,7,"Barge33, Barge48, Train33",1,Request74,25,7,172,263,0.0,0.0,2,0.0,0.0,1200.0,4889.743750000001,5414.743750000001,289,7,5,7514.743749999994
635,7,"Barge33, Train27, Train31",1,Request74,25,7,172,263,0.0,0.0,2,0.0,0.0,1950.0,6433.08375,6958.08375,290,7,6,8883.08374999999
636,7,"Train17, Train31",1,Request74,25,7,172,263,0.0,0.0,1,0.0,0.0,1800.0,5672.91875,6572.91875,294,7,7,9172.918750000012
637,7,"Train18, Train31",1,Request74,25,7,172,263,0.0,0.0,1,0.0,0.0,1800.0,5072.91875,5972.91875,295,7,8,9172.918750000012
638,7,"Barge33, Train28, Train33",1,Request74,25,7,172,263,0.0,0.0,2,0.0,0.0,1950.0,6608.08375,7133.08375,291,7,9,9233.08374999999
639,7,"Train19, Train33",1,Request74,25,7,172,263,0.0,0.0,1,0.0,0.0,1800.0,6159.88125,7059.88125,296,7,10,9759.881250000006
640,8,"Barge01, Barge39",1,Request75,27,8,198,295,23.0,0.0,1,23.0,0.0,324.0,870.38415,1653.3841499999999,80,8,1,1653.384149999998
641,8,Barge31,1,Request75,27,8,198,295,0.0,0.0,0,0.0,0.0,162.0,427.6503,589.6503,120,8,2,1939.6503000000084
642,8,"Barge26, Barge49",1,Request75,27,8,198,295,0.0,0.0,1,0.0,0.0,324.0,1140.3841499999999,1302.3841499999999,119,8,3,2706.384149999998
643,8,"Barge06, Barge48, Barge49",1,Request75,27,8,198,295,0.0,0.0,2,0.0,0.0,486.0,2380.54005,2542.54005,101,8,4,2785.5400500000105
644,8,"Barge07, Barge48, Barge49",1,Request75,27,8,198,295,0.0,0.0,2,0.0,0.0,486.0,2056.54005,2218.54005,105,8,5,2785.5400500000105
645,8,"Barge19, Truck29",1,Request75,27,8,198,295,0.0,0.0,1,0.0,0.0,1134.0,2176.4862000000003,2743.4862000000003,478,8,6,2905.486200000014
646,8,"Barge06, Barge48, Truck32",1,Request75,27,8,198,295,0.0,0.0,2,0.0,0.0,1296.0,2164.6278,2731.6278,455,8,7,2974.6277999999875
647,8,"Barge07, Barge48, Truck32",1,Request75,27,8,198,295,0.0,0.0,2,0.0,0.0,1296.0,1840.6278000000002,2407.6278,463,8,8,2974.6277999999875
648,8,"Barge20, Truck29",1,Request75,27,8,198,295,0.0,0.0,1,0.0,0.0,1134.0,2176.4862000000003,2743.4862000000003,479,8,9,3067.486200000014
649,8,"Barge26, Truck32",1,Request75,27,8,198,295,0.0,0.0,1,0.0,0.0,1134.0,1288.9719,1855.9719,483,8,10,3259.971900000004
650,9,"Barge26, Train33",1,Request76,10,9,230,311,20.0,0.0,1,20.0,0.0,420.0,1616.922,2026.922,221,9,1,2026.9219999999914
651,9,"Barge22, Train31",1,Request76,10,9,230,311,0.0,0.0,1,0.0,0.0,420.0,1803.7559999999999,2013.7559999999999,218,9,2,2053.755999999994
652,9,"Barge23, Train31",1,Request76,10,9,230,311,0.0,0.0,1,0.0,0.0,420.0,1563.7559999999999,1773.7559999999999,219,9,3,2053.755999999994
653,9,"Barge24, Train31",1,Request76,10,9,230,311,0.0,0.0,1,0.0,0.0,420.0,1503.7559999999999,1713.7559999999999,220,9,4,2053.755999999994
654,9,"Barge08, Barge47, Train31",1,Request76,10,9,230,311,0.0,0.0,2,0.0,0.0,480.0,1862.39,2072.39,209,9,5,2082.390000000014
655,9,"Barge09, Barge47, Train31",1,Request76,10,9,230,311,0.0,0.0,2,0.0,0.0,480.0,1742.39,1952.39,212,9,6,2082.390000000014
656,9,Train16,1,Request76,10,9,230,311,0.0,0.0,0,0.0,0.0,360.0,1571.775,1931.775,233,9,7,2301.774999999994
657,9,"Barge08, Train27, Train31",1,Request76,10,9,230,311,0.0,0.0,2,0.0,0.0,780.0,2453.575,2663.575,210,9,8,2673.5750000000116
658,9,"Train06, Train31",1,Request76,10,9,230,311,0.0,0.0,1,0.0,0.0,720.0,2191.775,2551.775,227,9,9,2741.774999999994
659,9,"Train07, Train31",1,Request76,10,9,230,311,0.0,0.0,1,0.0,0.0,720.0,1951.775,2311.775,228,9,10,2741.774999999994
660,10,"Barge36, Train31",1,Request77,30,10,197,362,46.0,0.0,1,46.0,0.0,1260.0,5140.2435000000005,7150.2435000000005,293,10,1,7150.243500000011
661,10,"Barge33, Barge48, Train33",1,Request77,30,10,197,362,0.0,0.0,2,0.0,0.0,1440.0,5867.6925,6497.6925,289,10,2,7157.692500000005
662,10,"Barge33, Barge47, Train31",1,Request77,30,10,197,362,0.0,0.0,2,0.0,0.0,1440.0,5946.1455,6576.1455,288,10,3,7236.145500000013
663,10,Train23,1,Request77,30,10,197,362,0.0,0.0,0,0.0,0.0,1080.0,4872.5025000000005,5952.5025000000005,298,10,4,7452.502500000002
664,10,"Barge33, Train27, Train31",1,Request77,30,10,197,362,0.0,0.0,2,0.0,0.0,2340.0,7719.7005,8349.7005,290,10,5,9009.700500000006
665,10,"Barge33, Train28, Train33",1,Request77,30,10,197,362,0.0,0.0,2,0.0,0.0,2340.0,7929.7005,8559.7005,291,10,6,9219.700500000006
666,10,"Train17, Train31",1,Request77,30,10,197,362,0.0,0.0,1,0.0,0.0,2160.0,6807.5025000000005,7887.5025,294,10,7,9357.502500000002
667,10,"Train18, Train31",1,Request77,30,10,197,362,0.0,0.0,1,0.0,0.0,2160.0,6087.5025000000005,7167.5025000000005,295,10,8,9357.502500000002
668,10,"Train19, Train33",1,Request77,30,10,197,362,0.0,0.0,1,0.0,0.0,2160.0,7391.8575,8471.857500000002,296,10,9,9851.857500000013
669,10,"Train20, Train33",1,Request77,30,10,197,362,0.0,0.0,1,0.0,0.0,2160.0,6671.8575,7751.857500000001,297,10,10,9851.857500000013
670,11,"Barge17, Truck30",1,Request78,26,11,147,314,33.0,0.0,1,33.0,0.0,1092.0,2901.8496,4305.8496,556,11,1,4305.849599999987
671,11,"Barge18, Truck30",1,Request78,26,11,147,314,0.0,0.0,1,0.0,0.0,1092.0,2901.8496,3447.8496,557,11,2,4461.849599999987
672,11,"Barge19, Truck30",1,Request78,26,11,147,314,0.0,0.0,1,0.0,0.0,1092.0,2901.8496,3447.8496,558,11,3,4929.849599999987
673,11,"Barge20, Truck30",1,Request78,26,11,147,314,0.0,0.0,1,0.0,0.0,1092.0,2901.8496,3447.8496,559,11,4,5085.849599999987
674,11,"Barge26, Train32",1,Request78,26,11,147,314,0.0,0.0,1,0.0,0.0,1092.0,1862.2486999999999,2408.2487,170,11,5,5086.2486999999965
675,11,"Barge04, Barge48, Truck33",1,Request78,26,11,147,314,0.0,0.0,2,0.0,0.0,1248.0,3635.7724,4181.7724,519,11,6,5117.772399999987
676,11,"Barge06, Barge48, Truck33",1,Request78,26,11,147,314,0.0,0.0,2,0.0,0.0,1248.0,3011.7724,3557.7724,535,11,7,5117.772399999987
677,11,"Barge05, Barge48, Truck33",1,Request78,26,11,147,314,0.0,0.0,2,0.0,0.0,1248.0,3323.7724,3869.7724,527,11,8,5117.772399999987
678,11,"Barge07, Barge48, Truck33",1,Request78,26,11,147,314,0.0,0.0,2,0.0,0.0,1248.0,2699.7724,3245.7724,543,11,9,5117.772399999987
679,11,"Barge03, Barge48, Truck33",1,Request78,26,11,147,314,0.0,0.0,2,0.0,0.0,1248.0,3947.7724,4493.7724,511,11,10,5117.772399999987
680,12,Barge08,1,Request79,20,12,228,388,3.0,0.0,0,3.0,0.0,120.0,93.17,273.17,9,12,1,273.1700000000128
681,12,Barge09,1,Request79,20,12,228,388,0.0,0.0,0,0.0,0.0,120.0,93.17,213.17000000000002,10,12,2,513.1700000000128
682,12,Barge10,1,Request79,20,12,228,388,0.0,0.0,0,0.0,0.0,120.0,93.17,213.17000000000002,11,12,3,753.1700000000128
683,12,Barge11,1,Request79,20,12,228,388,0.0,0.0,0,0.0,0.0,120.0,93.17,213.17000000000002,12,12,4,993.1700000000128
684,12,Barge12,1,Request79,20,12,228,388,0.0,0.0,0,0.0,0.0,120.0,93.17,213.17000000000002,13,12,5,1233.1700000000128
685,12,Barge13,1,Request79,20,12,228,388,0.0,0.0,0,0.0,0.0,120.0,93.17,213.17000000000002,14,12,6,1473.1700000000128
686,12,Barge14,1,Request79,20,12,228,388,0.0,0.0,0,0.0,0.0,120.0,93.17,213.17000000000002,15,12,7,1713.1700000000128
687,12,Barge15,1,Request79,20,12,228,388,0.0,0.0,0,0.0,0.0,120.0,93.17,213.17000000000002,16,12,8,1953.1700000000128
688,12,Barge16,1,Request79,20,12,228,388,0.0,0.0,0,0.0,0.0,120.0,93.17,213.17000000000002,17,12,9,2193.170000000013
689,13,"Barge03, Barge48",1,Request80,14,13,154,260,17.0,0.0,1,17.0,0.0,168.0,1145.7446,1467.7446,58,13,1,1467.7446000000054
690,13,"Barge04, Barge48",1,Request80,14,13,154,260,0.0,0.0,1,0.0,0.0,168.0,977.7446,1061.7446,60,13,2,1467.7446000000054
691,13,"Barge05, Barge48",1,Request80,14,13,154,260,0.0,0.0,1,0.0,0.0,168.0,809.7446,893.7446,62,13,3,1467.7446000000054
692,13,"Barge06, Barge48",1,Request80,14,13,154,260,0.0,0.0,1,0.0,0.0,168.0,641.7446,725.7446,64,13,4,1467.7446000000054
693,13,"Barge07, Barge48",1,Request80,14,13,154,260,0.0,0.0,1,0.0,0.0,168.0,473.74460000000005,557.7446,66,13,5,1467.7446000000054
694,13,Barge26,1,Request80,14,13,154,260,0.0,0.0,0,0.0,0.0,84.0,208.7008,292.7008,69,13,6,1720.7007999999914
695,13,Train09,1,Request80,14,13,154,260,0.0,0.0,0,0.0,0.0,504.0,880.1940000000001,1384.1940000000002,71,13,7,2154.1939999999886
696,13,Barge27,1,Request80,14,13,154,260,0.0,0.0,0,0.0,0.0,84.0,208.7008,292.7008,70,13,8,2280.7007999999914
697,13,"Barge01, Barge37",1,Request80,14,13,154,260,0.0,0.0,1,0.0,0.0,168.0,956.2665,1040.2665,54,13,9,2363.266499999998
698,13,"Barge03, Train28",1,Request80,14,13,154,260,0.0,0.0,1,0.0,0.0,588.0,1870.0149999999999,2164.015,59,13,10,2402.015000000014
699,14,Barge39,1,Request81,30,14,198,346,36.0,0.0,0,36.0,0.0,180.0,489.1424999999999,1749.1425,263,14,1,1749.1424999999872
700,14,"Barge33, Barge48, Barge49",1,Request81,30,14,198,346,0.0,0.0,2,0.0,0.0,540.0,2284.02,2464.02,258,14,2,3094.0199999999895
701,14,"Barge33, Barge48, Truck32",1,Request81,30,14,198,346,0.0,0.0,2,0.0,0.0,1440.0,2044.1174999999998,2674.1175,674,14,3,3304.117499999993
702,14,"Barge36, Train29",1,Request81,30,14,198,346,0.0,0.0,1,0.0,0.0,1260.0,2093.871,2723.871,262,14,4,4073.8710000000137
703,14,"Barge33, Barge47, Train29",1,Request81,30,14,198,346,0.0,0.0,2,0.0,0.0,1440.0,2899.7729999999997,3529.7729999999997,257,14,5,4159.7729999999865
704,14,Train21,1,Request81,30,14,198,346,0.0,0.0,0,0.0,0.0,1080.0,1728.9524999999999,2808.9525,268,14,6,4218.952500000014
705,14,"Barge36, Truck29",1,Request81,30,14,198,346,0.0,0.0,1,0.0,0.0,1260.0,2432.2934999999998,3062.2934999999998,680,14,7,4412.2935
706,14,"Barge33, Barge47, Truck29",1,Request81,30,14,198,346,0.0,0.0,2,0.0,0.0,1440.0,3778.1955000000003,4408.1955,672,14,8,5038.195500000002
707,14,"Barge33, Train28, Barge49",1,Request81,30,14,198,346,0.0,0.0,2,0.0,0.0,1440.0,4346.028,4526.028,260,14,9,5156.027999999991
708,14,"Barge33, Train28, Truck32",1,Request81,30,14,198,346,0.0,0.0,2,0.0,0.0,2340.0,4046.1255000000006,4676.1255,678,14,10,5306.125499999995
709,15,"Barge17, Truck30",1,Request82,30,15,167,222,13.0,0.0,1,13.0,0.0,1260.0,3348.288,4368.2880000000005,556,15,1,4368.2880000000005
710,15,"Barge18, Truck30",1,Request82,30,15,167,222,0.0,0.0,1,0.0,0.0,1260.0,3348.288,3978.288,557,15,2,4548.2880000000005
711,15,"Barge19, Truck30",1,Request82,30,15,167,222,0.0,0.0,1,0.0,0.0,1260.0,3348.288,3978.288,558,15,3,5133.2880000000005
712,15,"Barge20, Truck30",1,Request82,30,15,167,222,0.0,0.0,1,0.0,0.0,1260.0,3348.288,3978.288,559,15,4,5493.2880000000005
713,15,"Train03, Truck30",1,Request82,30,15,167,222,0.0,0.0,1,0.0,0.0,2160.0,4692.344999999999,5772.344999999999,566,15,5,6072.345000000001
714,15,"Barge03, Barge48, Truck33",1,Request82,30,15,167,222,0.0,0.0,2,0.0,0.0,1440.0,4555.122,5185.122,511,15,6,6277.122000000003
715,15,"Barge05, Barge48, Truck33",1,Request82,30,15,167,222,0.0,0.0,2,0.0,0.0,1440.0,3835.1220000000003,4465.122,527,15,7,6277.122000000003
716,15,"Barge07, Barge48, Truck33",1,Request82,30,15,167,222,0.0,0.0,2,0.0,0.0,1440.0,3115.1220000000003,3745.1220000000003,543,15,8,6277.122000000003
717,15,"Barge06, Barge48, Truck33",1,Request82,30,15,167,222,0.0,0.0,2,0.0,0.0,1440.0,3475.1220000000003,4105.122,535,15,9,6277.122000000003
718,15,"Barge04, Barge48, Truck33",1,Request82,30,15,167,222,0.0,0.0,2,0.0,0.0,1440.0,4195.122,4825.122,519,15,10,6277.122000000003
719,16,"Barge03, Barge48, Truck33",1,Request83,28,16,157,272,14.0,0.0,2,14.0,0.0,1344.0,4251.4472000000005,5231.4472000000005,511,16,1,5231.447199999995
720,16,"Barge03, Barge47, Train30",1,Request83,28,16,157,272,0.0,0.0,2,0.0,0.0,1344.0,4372.809,4960.809,139,16,2,5674.809000000008
721,16,"Barge04, Barge47, Train30",1,Request83,28,16,157,272,0.0,0.0,2,0.0,0.0,1344.0,4036.809,4624.809,143,16,3,5674.809000000008
722,16,"Barge05, Barge47, Train30",1,Request83,28,16,157,272,0.0,0.0,2,0.0,0.0,1344.0,3700.809,4288.809,147,16,4,5674.809000000008
723,16,"Barge06, Barge47, Train30",1,Request83,28,16,157,272,0.0,0.0,2,0.0,0.0,1344.0,3364.809,3952.809,151,16,5,5674.809000000008
724,16,"Barge01, Barge36, Train30",1,Request83,28,16,157,272,0.0,0.0,2,0.0,0.0,1344.0,2973.7652,3561.7652,131,16,6,5675.765199999994
725,16,"Barge01, Train22",1,Request83,28,16,157,272,0.0,0.0,1,0.0,0.0,1176.0,3402.5726,3990.5725999999995,136,16,7,5782.572600000014
726,16,"Barge03, Barge48, Train32",1,Request83,28,16,157,272,0.0,0.0,2,0.0,0.0,1344.0,4299.5862,4887.5862,140,16,8,5797.586199999991
727,16,"Barge04, Barge48, Train32",1,Request83,28,16,157,272,0.0,0.0,2,0.0,0.0,1344.0,3963.5861999999997,4551.5862,144,16,9,5797.586199999991
728,16,"Barge05, Barge48, Train32",1,Request83,28,16,157,272,0.0,0.0,2,0.0,0.0,1344.0,3627.5861999999997,4215.5862,148,16,10,5797.586199999991
729,17,"Barge26, Truck33",1,Request84,8,17,223,273,27.0,0.0,1,27.0,0.0,336.0,667.2456,1051.2456,563,17,1,1051.2455999999947
730,17,"Barge21, Train30",1,Request84,8,17,223,273,0.0,0.0,1,0.0,0.0,336.0,770.4668,938.4668,167,17,2,1062.4667999999947
731,17,"Barge22, Train30",1,Request84,8,17,223,273,0.0,0.0,1,0.0,0.0,336.0,722.4668,890.4668,168,17,3,1062.4667999999947
732,17,"Barge23, Train30",1,Request84,8,17,223,273,0.0,0.0,1,0.0,0.0,336.0,530.4667999999999,698.4667999999999,169,17,4,1062.4667999999947
733,17,"Barge08, Barge47, Train30",1,Request84,8,17,223,273,0.0,0.0,2,0.0,0.0,384.0,769.374,937.374,159,17,5,1085.3740000000107
734,17,"Barge09, Barge47, Train30",1,Request84,8,17,223,273,0.0,0.0,2,0.0,0.0,384.0,673.374,841.374,162,17,6,1085.3740000000107
735,17,"Barge26, Train32",1,Request84,8,17,223,273,0.0,0.0,1,0.0,0.0,336.0,572.9996,740.9996,170,17,7,1096.99960000001
736,17,"Barge21, Truck30",1,Request84,8,17,223,273,0.0,0.0,1,0.0,0.0,336.0,892.8768,1060.8768,560,17,8,1100.8767999999982
737,17,Train14,1,Request84,8,17,223,273,0.0,0.0,0,0.0,0.0,288.0,586.796,874.796,180,17,9,1138.796000000002
738,17,"Barge22, Truck30",1,Request84,8,17,223,273,0.0,0.0,1,0.0,0.0,336.0,892.8768,1060.8768,561,17,10,1148.8767999999982
739,18,"Barge01, Barge39",1,Request85,10,18,203,292,18.0,0.0,1,18.0,0.0,120.0,322.36449999999996,562.3645,80,18,1,562.364499999996
740,18,Barge31,1,Request85,10,18,203,292,0.0,0.0,0,0.0,0.0,60.0,158.389,218.389,120,18,2,668.3889999999956
741,18,"Barge26, Barge49",1,Request85,10,18,203,292,0.0,0.0,1,0.0,0.0,120.0,422.36449999999996,482.36449999999996,119,18,3,952.364499999996
742,18,"Barge06, Barge48, Barge49",1,Request85,10,18,203,292,0.0,0.0,2,0.0,0.0,180.0,881.6814999999999,941.6814999999999,101,18,4,981.681500000006
743,18,"Barge07, Barge48, Barge49",1,Request85,10,18,203,292,0.0,0.0,2,0.0,0.0,180.0,761.6814999999999,821.6814999999999,105,18,5,981.681500000006
744,18,"Barge19, Truck29",1,Request85,10,18,203,292,0.0,0.0,1,0.0,0.0,420.0,806.106,1016.106,478,18,6,1026.1059999999998
745,18,"Barge06, Barge48, Truck32",1,Request85,10,18,203,292,0.0,0.0,2,0.0,0.0,480.0,801.714,1011.714,455,18,7,1051.7140000000072
746,18,"Barge07, Barge48, Truck32",1,Request85,10,18,203,292,0.0,0.0,2,0.0,0.0,480.0,681.714,891.714,463,18,8,1051.7140000000072
747,18,"Barge20, Truck29",1,Request85,10,18,203,292,0.0,0.0,1,0.0,0.0,420.0,806.106,1016.106,479,18,9,1086.1059999999998
748,18,"Barge26, Truck32",1,Request85,10,18,203,292,0.0,0.0,1,0.0,0.0,420.0,477.397,687.3969999999999,483,18,10,1157.3969999999972
749,19,"Barge45, Train33",1,Request86,17,19,211,314,8.0,0.0,1,8.0,0.0,714.0,3276.34795,3769.34795,349,19,1,3769.3479499999958
750,19,"Barge41, Barge48, Train33",1,Request86,17,19,211,314,0.0,0.0,2,0.0,0.0,816.0,3293.9285,3650.9285,346,19,2,3820.928500000009
751,19,"Barge41, Barge47, Train31",1,Request86,17,19,211,314,0.0,0.0,2,0.0,0.0,816.0,3338.3851999999997,3695.3851999999997,345,19,3,3865.3851999999897
752,19,"Barge41, Train27, Train31",1,Request86,17,19,211,314,0.0,0.0,2,0.0,0.0,1326.0,4343.3997,4700.3997,347,19,4,4870.399700000009
753,19,"Train24, Train31",1,Request86,17,19,211,314,0.0,0.0,1,0.0,0.0,1224.0,3560.4502500000003,4172.45025,350,19,5,4903.450249999994
754,19,"Barge41, Train28, Train33",1,Request86,17,19,211,314,0.0,0.0,2,0.0,0.0,1326.0,4462.3997,4819.3997,348,19,6,4989.399700000009
755,19,"Train26, Train33",1,Request86,17,19,211,314,0.0,0.0,1,0.0,0.0,1224.0,4027.58475,4639.58475,352,19,7,5183.584750000009
756,19,"Barge41, Truck25, Train31",1,Request86,17,19,211,314,0.0,0.0,2,0.0,0.0,1326.0,4951.345200000001,5308.345200000001,785,19,8,5478.345200000011
757,19,"Barge41, Truck26, Train33",1,Request86,17,19,211,314,0.0,0.0,2,0.0,0.0,1326.0,5425.9937,5782.9937,787,19,9,5952.993699999992
758,19,"Barge41, Truck25, Train31",1,Request86,17,19,211,314,0.0,0.0,2,0.0,0.0,1326.0,5461.345200000001,5818.345200000001,789,19,10,5988.345200000011
759,20,"Barge01, Barge39",1,Request87,12,20,203,279,18.0,0.0,1,18.0,0.0,144.0,386.8374,674.8374,80,20,1,674.8373999999894
760,20,Barge31,1,Request87,12,20,203,279,0.0,0.0,0,0.0,0.0,72.0,190.0668,262.06680000000006,120,20,2,802.0668000000005
761,20,"Barge19, Truck29",1,Request87,12,20,203,279,0.0,0.0,1,0.0,0.0,504.0,967.3272000000001,1219.3272000000002,478,20,3,1231.3271999999997
762,20,"Barge06, Barge48, Truck32",1,Request87,12,20,203,279,0.0,0.0,2,0.0,0.0,576.0,962.0568000000001,1214.0568,455,20,4,1262.0567999999912
763,20,"Barge07, Barge48, Truck32",1,Request87,12,20,203,279,0.0,0.0,2,0.0,0.0,576.0,818.0568000000001,1070.0568,463,20,5,1262.0567999999912
764,20,"Barge26, Barge49",1,Request87,12,20,203,279,0.0,0.0,1,0.0,0.0,144.0,506.8374,578.8374,119,20,6,1280.8373999999894
765,20,"Barge20, Truck29",1,Request87,12,20,203,279,0.0,0.0,1,0.0,0.0,504.0,967.3272000000001,1219.3272000000002,479,20,7,1303.3271999999997
766,20,"Barge06, Barge48, Barge49",1,Request87,12,20,203,279,0.0,0.0,2,0.0,0.0,216.0,1058.0178,1130.0178,101,20,8,1316.0178000000014
767,20,"Barge07, Barge48, Barge49",1,Request87,12,20,203,279,0.0,0.0,2,0.0,0.0,216.0,914.0178,986.0178,105,20,9,1316.0178000000014
768,20,"Barge26, Truck32",1,Request87,12,20,203,279,0.0,0.0,1,0.0,0.0,504.0,572.8764,824.8764,483,20,10,1388.8764000000083
769,21,"Barge26, Train33",1,Request88,21,21,220,378,30.0,0.0,1,30.0,0.0,882.0,3395.5362000000005,4466.5362000000005,221,21,1,4466.536200000002
770,21,"Barge21, Train31",1,Request88,21,21,220,378,0.0,0.0,1,0.0,0.0,882.0,3913.8876,4354.8876,217,21,2,4522.887599999987
771,21,"Barge22, Train31",1,Request88,21,21,220,378,0.0,0.0,1,0.0,0.0,882.0,3787.8876,4228.8876,218,21,3,4522.887599999987
772,21,"Barge23, Train31",1,Request88,21,21,220,378,0.0,0.0,1,0.0,0.0,882.0,3283.8876,3724.8876,219,21,4,4522.887599999987
773,21,"Barge24, Train31",1,Request88,21,21,220,378,0.0,0.0,1,0.0,0.0,882.0,3157.8876,3598.8876,220,21,5,4522.887599999987
774,21,"Barge08, Barge47, Train31",1,Request88,21,21,220,378,0.0,0.0,2,0.0,0.0,1008.0,3911.0190000000002,4352.019,209,21,6,4583.019
775,21,"Barge09, Barge47, Train31",1,Request88,21,21,220,378,0.0,0.0,2,0.0,0.0,1008.0,3659.0190000000002,4100.019,212,21,7,4583.019
776,21,"Barge01, Barge36, Train31",1,Request88,21,21,220,378,0.0,0.0,2,0.0,0.0,1008.0,4121.73615,4562.73615,181,21,8,4583.736150000012
777,21,"Barge01, Train23",1,Request88,21,21,220,378,0.0,0.0,1,0.0,0.0,882.0,4333.3174500000005,4774.3174500000005,186,21,9,4795.317450000002
778,21,Train16,1,Request88,21,21,220,378,0.0,0.0,0,0.0,0.0,756.0,3300.7275,4056.7275,233,21,10,5043.727500000008
779,22,"Barge35, Truck30",1,Request89,10,22,181,331,14.0,0.0,1,14.0,0.0,420.0,1120.7545,1470.7545,701,22,1,1470.75450000001
780,22,"Barge33, Barge48, Truck33",1,Request89,10,22,181,331,0.0,0.0,2,0.0,0.0,480.0,1038.0325,1248.0325,696,22,2,1628.0325000000012
781,22,"Barge35, Train30",1,Request89,10,22,181,331,0.0,0.0,1,0.0,0.0,420.0,1292.7420000000002,1502.7420000000002,277,22,3,1642.7419999999984
782,22,"Barge36, Train30",1,Request89,10,22,181,331,0.0,0.0,1,0.0,0.0,420.0,812.7420000000001,1022.7420000000001,278,22,4,1642.7419999999984
783,22,"Barge33, Barge48, Train32",1,Request89,10,22,181,331,0.0,0.0,2,0.0,0.0,480.0,1055.225,1265.225,274,22,5,1645.2250000000058
784,22,"Barge33, Barge47, Train30",1,Request89,10,22,181,331,0.0,0.0,2,0.0,0.0,480.0,1081.376,1291.3760000000002,273,22,6,1671.3759999999893
785,22,Train22,1,Request89,10,22,181,331,0.0,0.0,0,0.0,0.0,360.0,785.8875,1145.8875,283,22,7,1795.8875000000116
786,22,"Barge36, Truck30",1,Request89,10,22,181,331,0.0,0.0,1,0.0,0.0,420.0,1120.7545,1330.7545,702,22,8,1950.75450000001
787,22,"Barge33, Barge47, Truck30",1,Request89,10,22,181,331,0.0,0.0,2,0.0,0.0,480.0,1569.3885,1779.3885,694,22,9,2159.388500000001
788,22,"Barge33, Train27, Train30",1,Request89,10,22,181,331,0.0,0.0,2,0.0,0.0,780.0,1672.5610000000001,1882.5610000000001,275,22,10,2262.560999999987
789,23,"Barge01, Barge39",1,Request90,20,23,203,256,18.0,0.0,1,18.0,0.0,240.0,644.7289999999999,1124.729,80,23,1,1124.728999999992
790,23,Barge31,1,Request90,20,23,203,256,0.0,0.0,0,0.0,0.0,120.0,316.778,436.778,120,23,2,1516.7779999999912
791,23,"Barge19, Truck29",1,Request90,20,23,203,256,0.0,0.0,1,0.0,0.0,840.0,1612.212,2032.212,478,23,3,2052.2119999999995
792,23,"Barge06, Barge48, Truck32",1,Request90,20,23,203,256,0.0,0.0,2,0.0,0.0,960.0,1603.428,2023.428,455,23,4,2103.4280000000144
793,23,"Barge07, Barge48, Truck32",1,Request90,20,23,203,256,0.0,0.0,2,0.0,0.0,960.0,1363.428,1783.428,463,23,5,2103.4280000000144
794,23,"Barge20, Truck29",1,Request90,20,23,203,256,0.0,0.0,1,0.0,0.0,840.0,1612.212,2032.212,479,23,6,2172.2119999999995
795,23,"Barge21, Truck29",1,Request90,20,23,203,256,0.0,0.0,1,0.0,0.0,840.0,1612.212,2032.212,480,23,7,2532.2119999999995
796,23,"Barge26, Barge49",1,Request90,20,23,203,256,0.0,0.0,1,0.0,0.0,240.0,844.7289999999999,964.7289999999999,119,23,8,2594.728999999992
797,23,"Barge26, Truck32",1,Request90,20,23,203,256,0.0,0.0,1,0.0,0.0,840.0,954.794,1374.7939999999999,483,23,9,2634.7939999999944
798,23,"Barge06, Barge48, Barge49",1,Request90,20,23,203,256,0.0,0.0,2,0.0,0.0,360.0,1763.3629999999998,1883.3629999999998,101,23,10,2653.363000000012
799,24,"Barge01, Barge39",1,Request91,6,24,180,315,41.0,0.0,1,41.0,0.0,72.0,193.4187,475.41869999999994,80,24,1,475.41870000000927
800,24,Barge31,1,Request91,6,24,180,315,0.0,0.0,0,0.0,0.0,36.0,95.0334,131.03340000000003,120,24,2,539.0333999999857
801,24,"Barge18, Truck29",1,Request91,6,24,180,315,0.0,0.0,1,0.0,0.0,252.0,483.66360000000003,609.6636000000001,477,24,3,645.6635999999999
802,24,"Barge26, Barge49",1,Request91,6,24,180,315,0.0,0.0,1,0.0,0.0,72.0,253.4187,289.4187,119,24,4,709.4187000000093
803,24,"Barge04, Barge48, Barge49",1,Request91,6,24,180,315,0.0,0.0,2,0.0,0.0,108.0,673.0089,709.0089,93,24,5,727.0088999999862
804,24,"Barge05, Barge48, Barge49",1,Request91,6,24,180,315,0.0,0.0,2,0.0,0.0,108.0,601.0089,637.0089,97,24,6,727.0088999999862
805,24,"Barge06, Barge48, Barge49",1,Request91,6,24,180,315,0.0,0.0,2,0.0,0.0,108.0,529.0089,565.0089,101,24,7,727.0088999999862
806,24,"Barge07, Barge48, Barge49",1,Request91,6,24,180,315,0.0,0.0,2,0.0,0.0,108.0,457.0089,493.0089,105,24,8,727.0088999999862
807,24,"Barge19, Truck29",1,Request91,6,24,180,315,0.0,0.0,1,0.0,0.0,252.0,483.66360000000003,609.6636000000001,478,24,9,753.6635999999999
808,24,"Barge04, Barge48, Truck32",1,Request91,6,24,180,315,0.0,0.0,2,0.0,0.0,288.0,625.0284,751.0284,439,24,10,769.0284000000102
809,25,"Barge22, Train31",1,Request92,9,25,229,296,5.0,0.0,1,5.0,0.0,378.0,1623.3804,1857.3804,218,25,1,1857.3803999999946
810,25,"Barge23, Train31",1,Request92,9,25,229,296,0.0,0.0,1,0.0,0.0,378.0,1407.3804,1596.3804,219,25,2,1857.3803999999946
811,25,"Barge24, Train31",1,Request92,9,25,229,296,0.0,0.0,1,0.0,0.0,378.0,1353.3804,1542.3804,220,25,3,1857.3803999999946
812,25,"Barge26, Train33",1,Request92,9,25,229,296,0.0,0.0,1,0.0,0.0,378.0,1455.2298,1644.2298,221,25,4,1869.229800000001
813,25,"Barge08, Barge47, Train31",1,Request92,9,25,229,296,0.0,0.0,2,0.0,0.0,432.0,1676.151,1865.151,209,25,5,1883.1510000000126
814,25,"Barge09, Barge47, Train31",1,Request92,9,25,229,296,0.0,0.0,2,0.0,0.0,432.0,1568.151,1757.151,212,25,6,1883.1510000000126
815,25,Train16,1,Request92,9,25,229,296,0.0,0.0,0,0.0,0.0,324.0,1414.5975,1738.5975,233,25,7,2080.5975000000035
816,25,"Barge08, Train27, Train31",1,Request92,9,25,229,296,0.0,0.0,2,0.0,0.0,702.0,2208.2174999999997,2397.2174999999997,210,25,8,2415.217499999999
817,25,"Train06, Train31",1,Request92,9,25,229,296,0.0,0.0,1,0.0,0.0,648.0,1972.5975,2296.5975,227,25,9,2476.5975000000035
818,25,"Train07, Train31",1,Request92,9,25,229,296,0.0,0.0,1,0.0,0.0,648.0,1756.5975,2080.5975,228,25,10,2476.5975000000035
819,26,Barge17,1,Request93,27,26,177,292,3.0,0.0,0,3.0,0.0,162.0,327.0267,570.0266999999999,37,26,1,570.0266999999876
820,26,Barge18,1,Request93,27,26,177,292,0.0,0.0,0,0.0,0.0,162.0,327.0267,489.02669999999995,38,26,2,732.0266999999876
821,26,Barge19,1,Request93,27,26,177,292,0.0,0.0,0,0.0,0.0,162.0,327.0267,489.02669999999995,39,26,3,1218.0266999999876
822,26,Barge20,1,Request93,27,26,177,292,0.0,0.0,0,0.0,0.0,162.0,327.0267,489.02669999999995,40,26,4,1380.0266999999876
823,26,Barge21,1,Request93,27,26,177,292,0.0,0.0,0,0.0,0.0,162.0,327.0267,489.02669999999995,41,26,5,1866.0266999999876
824,26,Barge22,1,Request93,27,26,177,292,0.0,0.0,0,0.0,0.0,162.0,327.0267,489.02669999999995,42,26,6,2028.0266999999876
825,26,Train01,1,Request93,27,26,177,292,0.0,0.0,0,0.0,0.0,972.0,1131.678,2103.678,46,26,7,2292.6780000000144
826,26,"Barge01, Barge36",1,Request93,27,26,177,292,0.0,0.0,1,0.0,0.0,324.0,1012.76055,1174.76055,18,26,8,2362.7605500000063
827,26,Barge23,1,Request93,27,26,177,292,0.0,0.0,0,0.0,0.0,162.0,327.0267,489.02669999999995,43,26,9,2676.0266999999876
828,26,Train04,1,Request93,27,26,177,292,0.0,0.0,0,0.0,0.0,972.0,1131.678,2103.678,49,26,10,2751.6780000000144
829,27,"Barge35, Train31",1,Request94,13,27,162,330,33.0,0.0,1,33.0,0.0,546.0,2851.43885,3553.43885,292,27,1,3553.438850000006
830,27,"Barge36, Train31",1,Request94,13,27,162,330,0.0,0.0,1,0.0,0.0,546.0,2227.43885,2500.43885,293,27,2,3553.438850000006
831,27,"Barge32, Barge48, Train33",1,Request94,13,27,162,330,0.0,0.0,2,0.0,0.0,624.0,3166.6667500000003,3439.66675,285,27,3,3556.666750000004
832,27,"Barge33, Barge48, Train33",1,Request94,13,27,162,330,0.0,0.0,2,0.0,0.0,624.0,2542.6667500000003,2815.6667500000003,289,27,4,3556.666750000004
833,27,"Barge32, Barge47, Train31",1,Request94,13,27,162,330,0.0,0.0,2,0.0,0.0,624.0,3200.66305,3473.6630499999997,284,27,5,3590.663050000003
834,27,"Barge33, Barge47, Train31",1,Request94,13,27,162,330,0.0,0.0,2,0.0,0.0,624.0,2576.66305,2849.66305,288,27,6,3590.663050000003
835,27,Train23,1,Request94,13,27,162,330,0.0,0.0,0,0.0,0.0,468.0,2111.41775,2579.41775,298,27,7,3684.4177499999932
836,27,"Barge32, Train27, Train31",1,Request94,13,27,162,330,0.0,0.0,2,0.0,0.0,1014.0,3969.20355,4242.20355,286,27,8,4359.203550000006
837,27,"Barge33, Train27, Train31",1,Request94,13,27,162,330,0.0,0.0,2,0.0,0.0,1014.0,3345.20355,3618.20355,290,27,9,4359.203550000006
838,27,"Barge32, Train28, Train33",1,Request94,13,27,162,330,0.0,0.0,2,0.0,0.0,1014.0,4060.20355,4333.20355,287,27,10,4450.203550000006
839,28,"Barge01, Barge39",1,Request95,9,28,183,282,38.0,0.0,1,38.0,0.0,108.0,290.12805,686.1280499999999,80,28,1,686.1280499999993
840,28,Barge31,1,Request95,9,28,183,282,0.0,0.0,0,0.0,0.0,54.0,142.55010000000001,196.55010000000001,120,28,2,781.5500999999931
841,28,"Barge18, Truck29",1,Request95,9,28,183,282,0.0,0.0,1,0.0,0.0,378.0,725.4954,914.4954,477,28,3,941.4954000000143
842,28,"Barge19, Truck29",1,Request95,9,28,183,282,0.0,0.0,1,0.0,0.0,378.0,725.4954,914.4954,478,28,4,1103.4954000000143
843,28,"Barge26, Barge49",1,Request95,9,28,183,282,0.0,0.0,1,0.0,0.0,108.0,380.12805,434.12805,119,28,5,1113.6280499999993
844,28,"Barge05, Barge48, Truck32",1,Request95,9,28,183,282,0.0,0.0,2,0.0,0.0,432.0,829.5426,1018.5426,447,28,6,1126.5425999999861
845,28,"Barge06, Barge48, Truck32",1,Request95,9,28,183,282,0.0,0.0,2,0.0,0.0,432.0,721.5426,910.5426,455,28,7,1126.5425999999861
846,28,"Barge07, Barge48, Truck32",1,Request95,9,28,183,282,0.0,0.0,2,0.0,0.0,432.0,613.5426,802.5426,463,28,8,1126.5425999999861
847,28,"Barge05, Barge48, Barge49",1,Request95,9,28,183,282,0.0,0.0,2,0.0,0.0,162.0,901.51335,955.51335,97,28,9,1140.0133499999938
848,28,"Barge06, Barge48, Barge49",1,Request95,9,28,183,282,0.0,0.0,2,0.0,0.0,162.0,793.51335,847.51335,101,28,10,1140.0133499999938
849,29,"Barge33, Barge48, Truck33",1,Request96,28,29,216,285,3.0,0.0,2,3.0,0.0,1344.0,2906.491,3578.491,696,29,1,3578.491000000009
850,29,"Barge36, Train30",1,Request96,28,29,216,285,0.0,0.0,1,0.0,0.0,1176.0,2275.6776,2863.6776,278,29,2,3619.6775999999954
851,29,"Barge33, Barge47, Train30",1,Request96,28,29,216,285,0.0,0.0,2,0.0,0.0,1344.0,3027.8528,3615.8528000000006,273,29,3,3699.8527999999933
852,29,"Barge33, Barge48, Train32",1,Request96,28,29,216,285,0.0,0.0,2,0.0,0.0,1344.0,2954.6299999999997,3542.6299999999997,274,29,4,3780.6300000000047
853,29,Train22,1,Request96,28,29,216,285,0.0,0.0,0,0.0,0.0,1008.0,2200.485,3208.485,283,29,5,4048.484999999986
854,29,"Barge33, Train27, Train30",1,Request96,28,29,216,285,0.0,0.0,2,0.0,0.0,2184.0,4683.1708,5271.1708,275,29,6,5355.170799999993
855,29,"Barge33, Train28, Truck33",1,Request96,28,29,216,285,0.0,0.0,2,0.0,0.0,2184.0,4775.031800000001,5363.031800000001,700,29,7,5447.031799999997
856,29,"Train17, Train30",1,Request96,28,29,216,285,0.0,0.0,1,0.0,0.0,2016.0,3831.786,4839.786,279,29,8,5679.785999999993
857,29,"Train18, Train30",1,Request96,28,29,216,285,0.0,0.0,1,0.0,0.0,2016.0,3159.786,4167.786,280,29,9,5679.785999999993
858,29,"Barge33, Train28, Train32",1,Request96,28,29,216,285,0.0,0.0,2,0.0,0.0,2184.0,4879.1708,5467.1708,276,29,10,5705.170799999993
859,30,"Barge45, Train32",1,Request97,28,30,214,340,5.0,0.0,1,5.0,0.0,1176.0,2874.4548,3602.4548,337,30,1,3602.454800000007
860,30,"Barge41, Barge48, Train32",1,Request97,28,30,214,340,0.0,0.0,2,0.0,0.0,1344.0,2903.411,3491.411,334,30,2,3687.410999999993
861,30,"Barge41, Barge47, Train30",1,Request97,28,30,214,340,0.0,0.0,2,0.0,0.0,1344.0,2976.6338,3564.6338,333,30,3,3760.6338000000105
862,30,"Barge41, Train27, Train30",1,Request97,28,30,214,340,0.0,0.0,2,0.0,0.0,2184.0,4631.9518,5219.9518,335,30,4,5415.95180000001
863,30,"Train24, Train30",1,Request97,28,30,214,340,0.0,0.0,1,0.0,0.0,2016.0,3342.388,4350.387999999999,338,30,5,5470.388000000006
864,30,"Barge41, Train28, Train32",1,Request97,28,30,214,340,0.0,0.0,2,0.0,0.0,2184.0,4827.9518,5415.9518,336,30,6,5611.95180000001
865,30,"Train26, Train32",1,Request97,28,30,214,340,0.0,0.0,1,0.0,0.0,2016.0,4111.785999999999,5119.785999999999,340,30,7,5931.785999999993
866,30,"Barge41, Truck25, Train30",1,Request97,28,30,214,340,0.0,0.0,2,0.0,0.0,2184.0,5633.273800000001,6221.273800000001,765,30,8,6417.273799999995
867,30,"Barge41, Truck26, Train32",1,Request97,28,30,214,340,0.0,0.0,2,0.0,0.0,2184.0,6415.047799999999,7003.047799999999,767,30,9,7199.0478
868,30,"Barge41, Truck25, Train30",1,Request97,28,30,214,340,0.0,0.0,2,0.0,0.0,2184.0,6473.273800000001,7061.273800000001,769,30,10,7257.273799999995
869,31,Barge05,1,Request98,8,31,189,333,6.0,0.0,0,6.0,0.0,48.0,37.268,133.268,6,31,1,133.26800000001094
870,31,Barge06,1,Request98,8,31,189,333,0.0,0.0,0,0.0,0.0,48.0,37.268,85.268,7,31,2,229.26800000001094
871,31,Barge07,1,Request98,8,31,189,333,0.0,0.0,0,0.0,0.0,48.0,37.268,85.268,8,31,3,325.26800000001094
872,31,Barge08,1,Request98,8,31,189,333,0.0,0.0,0,0.0,0.0,48.0,37.268,85.268,9,31,4,421.26800000001094
873,31,Barge09,1,Request98,8,31,189,333,0.0,0.0,0,0.0,0.0,48.0,37.268,85.268,10,31,5,517.2680000000109
874,31,Barge10,1,Request98,8,31,189,333,0.0,0.0,0,0.0,0.0,48.0,37.268,85.268,11,31,6,613.2680000000109
875,31,Barge11,1,Request98,8,31,189,333,0.0,0.0,0,0.0,0.0,48.0,37.268,85.268,12,31,7,709.2680000000109
876,31,"Barge02, Barge42",1,Request98,8,31,189,333,0.0,0.0,1,0.0,0.0,96.0,428.9948,476.9948,3,31,8,732.9947999999858
877,31,"Barge01, Barge34",1,Request98,8,31,189,333,0.0,0.0,1,0.0,0.0,96.0,432.4484,480.4484,2,31,9,736.4483999999939
878,31,"Barge02, Truck18",1,Request98,8,31,189,333,0.0,0.0,1,0.0,0.0,336.0,322.626,490.626,376,31,10,746.6259999999893
879,32,Barge32,1,Request99,11,32,155,310,16.0,0.0,0,16.0,0.0,66.0,56.36785,298.36785,234,32,1,298.36785000000964
880,32,Barge33,1,Request99,11,32,155,310,0.0,0.0,0,0.0,0.0,66.0,56.36785,122.36785,235,32,2,826.3678500000096
881,32,Barge34,1,Request99,11,32,155,310,0.0,0.0,0,0.0,0.0,66.0,56.36785,122.36785,236,32,3,1354.3678500000096
882,33,Barge35,1,Request100,13,33,180,327,15.0,0.0,0,15.0,0.0,78.0,163.51335,436.51335,241,33,1,436.5133499999938
883,33,Barge36,1,Request100,13,33,180,327,0.0,0.0,0,0.0,0.0,78.0,163.51335,241.51335,242,33,2,1060.5133499999938
884,33,"Barge33, Barge47",1,Request100,13,33,180,327,0.0,0.0,1,0.0,0.0,156.0,727.23755,805.23755,239,33,3,1312.2375499999907
885,33,"Barge33, Train27",1,Request100,13,33,180,327,0.0,0.0,1,0.0,0.0,546.0,949.77805,1222.77805,240,33,4,1729.7780499999935
886,33,Train17,1,Request100,13,33,180,327,0.0,0.0,0,0.0,0.0,468.0,612.99225,1080.99225,243,33,5,1938.9922500000102
887,33,"Barge33, Truck25",1,Request100,13,33,180,327,0.0,0.0,1,0.0,0.0,546.0,1366.57755,1639.57755,657,33,6,2146.5775499999872
888,33,Train18,1,Request100,13,33,180,327,0.0,0.0,0,0.0,0.0,468.0,612.99225,1080.99225,244,33,7,2250.9922500000102
889,33,"Barge33, Truck25",1,Request100,13,33,180,327,0.0,0.0,1,0.0,0.0,546.0,1561.57755,1834.57755,658,33,8,2341.5775499999872
890,34,Barge31,1,Request101,20,34,238,342,10.0,0.0,0,10.0,0.0,120.0,316.778,636.778,120,34,1,636.7779999999912
891,34,"Barge26, Barge49",1,Request101,20,34,238,342,0.0,0.0,1,0.0,0.0,240.0,844.7289999999999,964.7289999999999,119,34,2,1204.728999999992
892,34,"Barge26, Truck32",1,Request101,20,34,238,342,0.0,0.0,1,0.0,0.0,840.0,954.794,1374.7939999999999,483,34,3,1614.7939999999944
893,34,"Barge23, Train29",1,Request101,20,34,238,342,0.0,0.0,1,0.0,0.0,840.0,1096.597,1516.5969999999998,118,34,4,1916.5970000000088
894,34,"Barge09, Barge47, Train29",1,Request101,20,34,238,342,0.0,0.0,2,0.0,0.0,960.0,1453.8650000000002,1873.8650000000002,111,34,5,1973.8649999999907
895,34,"Barge23, Truck29",1,Request101,20,34,238,342,0.0,0.0,1,0.0,0.0,840.0,1612.212,2032.212,482,34,6,2432.2119999999995
896,34,"Barge09, Barge47, Truck29",1,Request101,20,34,238,342,0.0,0.0,2,0.0,0.0,960.0,2039.48,2459.48,475,34,7,2559.4800000000105
897,34,Train13,1,Request101,20,34,238,342,0.0,0.0,0,0.0,0.0,720.0,1047.85,1767.85,130,34,8,2567.850000000006
898,34,"Train10, Barge49",1,Request101,20,34,238,342,0.0,0.0,1,0.0,0.0,840.0,2444.005,2864.0049999999997,128,34,9,2964.0050000000047
899,34,"Train11, Barge49",1,Request101,20,34,238,342,0.0,0.0,1,0.0,0.0,840.0,1964.0049999999999,2384.005,129,34,10,2964.0050000000047
900,35,"Barge26, Train32",1,Request102,24,35,174,315,76.0,0.0,1,76.0,0.0,1008.0,1718.9987999999998,4046.9988000000003,170,35,1,4046.998800000001
901,35,"Barge04, Barge48, Train32",1,Request102,24,35,174,315,0.0,0.0,2,0.0,0.0,1152.0,3397.3596,3901.3596,144,35,2,4117.359599999996
902,35,"Barge05, Barge48, Train32",1,Request102,24,35,174,315,0.0,0.0,2,0.0,0.0,1152.0,3109.3596,3613.3596,148,35,3,4117.359599999996
903,35,"Barge06, Barge48, Train32",1,Request102,24,35,174,315,0.0,0.0,2,0.0,0.0,1152.0,2821.3596000000002,3325.3596,152,35,4,4117.359599999996
904,35,"Barge07, Barge48, Train32",1,Request102,24,35,174,315,0.0,0.0,2,0.0,0.0,1152.0,2533.3596000000002,3037.3596000000002,156,35,5,4117.359599999996
905,35,"Barge04, Barge47, Train30",1,Request102,24,35,174,315,0.0,0.0,2,0.0,0.0,1152.0,3460.1220000000003,3964.1220000000003,143,35,6,4180.122000000003
906,35,"Barge05, Barge47, Train30",1,Request102,24,35,174,315,0.0,0.0,2,0.0,0.0,1152.0,3172.1220000000003,3676.1220000000003,147,35,7,4180.122000000003
907,35,"Barge06, Barge47, Train30",1,Request102,24,35,174,315,0.0,0.0,2,0.0,0.0,1152.0,2884.1220000000003,3388.1220000000003,151,35,8,4180.122000000003
908,35,"Barge07, Barge47, Train30",1,Request102,24,35,174,315,0.0,0.0,2,0.0,0.0,1152.0,2596.1220000000003,3100.1220000000003,155,35,9,4180.122000000003
909,35,"Barge01, Barge36, Train30",1,Request102,24,35,174,315,0.0,0.0,2,0.0,0.0,1152.0,2548.9416,3052.9416,131,35,10,4180.941599999991
910,36,"Barge33, Barge48",1,Request103,8,36,188,262,31.0,0.0,1,31.0,0.0,96.0,270.438,566.438,247,36,1,566.4379999999946
911,36,Barge37,1,Request103,8,36,188,262,0.0,0.0,0,0.0,0.0,48.0,122.9844,170.9844,249,36,2,1038.9843999999866
912,36,"Barge33, Train28",1,Request103,8,36,188,262,0.0,0.0,1,0.0,0.0,336.0,684.3068000000001,852.3068000000001,248,36,3,1100.3067999999912
913,36,Train19,1,Request103,8,36,188,262,0.0,0.0,0,0.0,0.0,288.0,544.882,832.882,250,36,4,1272.8820000000123
914,36,"Barge33, Truck26",1,Request103,8,36,188,262,0.0,0.0,1,0.0,0.0,336.0,1088.9628,1256.9628,661,36,5,1504.9628000000084
915,36,Train20,1,Request103,8,36,188,262,0.0,0.0,0,0.0,0.0,288.0,544.882,832.882,251,36,6,1556.8820000000123
916,36,"Barge33, Truck26",1,Request103,8,36,188,262,0.0,0.0,1,0.0,0.0,336.0,1208.9628,1376.9628,662,36,7,1624.9628000000084
917,37,Barge35,1,Request104,8,37,178,275,17.0,0.0,0,17.0,0.0,48.0,100.6236,284.6236,241,37,1,284.6235999999917
918,37,Barge36,1,Request104,8,37,178,275,0.0,0.0,0,0.0,0.0,48.0,100.6236,148.6236,242,37,2,668.6235999999917
919,37,"Barge33, Barge47",1,Request104,8,37,178,275,0.0,0.0,1,0.0,0.0,96.0,447.5308,495.5308,239,37,3,823.5308000000077
920,37,"Barge33, Train27",1,Request104,8,37,178,275,0.0,0.0,1,0.0,0.0,336.0,584.4788,752.4788,240,37,4,1080.4788000000117
921,37,Train17,1,Request104,8,37,178,275,0.0,0.0,0,0.0,0.0,288.0,377.226,665.226,243,37,5,1209.225999999995
922,37,"Barge33, Truck25",1,Request104,8,37,178,275,0.0,0.0,1,0.0,0.0,336.0,840.9708,1008.9708,657,37,6,1336.97080000001
923,37,Train18,1,Request104,8,37,178,275,0.0,0.0,0,0.0,0.0,288.0,377.226,665.226,244,37,7,1401.225999999995
924,37,"Barge33, Truck25",1,Request104,8,37,178,275,0.0,0.0,1,0.0,0.0,336.0,960.9708,1128.9708,658,37,8,1456.97080000001
925,38,"Barge17, Truck29",1,Request105,25,38,152,226,28.0,0.0,1,28.0,0.0,1050.0,2015.265,3240.2650000000003,476,38,1,3240.265000000014
926,38,"Barge18, Truck29",1,Request105,25,38,152,226,0.0,0.0,1,0.0,0.0,1050.0,2015.265,2540.2650000000003,477,38,2,3390.265000000014
927,38,"Barge19, Truck29",1,Request105,25,38,152,226,0.0,0.0,1,0.0,0.0,1050.0,2015.265,2540.2650000000003,478,38,3,3840.265000000014
928,38,Barge31,1,Request105,25,38,152,226,0.0,0.0,0,0.0,0.0,150.0,395.9725,545.9725000000001,120,38,4,3920.9725000000035
929,38,"Barge20, Truck29",1,Request105,25,38,152,226,0.0,0.0,1,0.0,0.0,1050.0,2015.265,2540.2650000000003,479,38,5,4065.265000000014
930,38,"Barge03, Barge48, Truck32",1,Request105,25,38,152,226,0.0,0.0,2,0.0,0.0,1200.0,2904.2850000000003,3429.2850000000003,431,38,6,4604.2850000000035
931,38,"Barge05, Barge48, Truck32",1,Request105,25,38,152,226,0.0,0.0,2,0.0,0.0,1200.0,2304.2850000000003,2829.2850000000003,447,38,7,4604.2850000000035
932,38,"Barge07, Barge48, Truck32",1,Request105,25,38,152,226,0.0,0.0,2,0.0,0.0,1200.0,1704.285,2229.2850000000003,463,38,8,4604.2850000000035
933,38,"Barge06, Barge48, Truck32",1,Request105,25,38,152,226,0.0,0.0,2,0.0,0.0,1200.0,2004.285,2529.2850000000003,455,38,9,4604.2850000000035
934,38,"Barge04, Barge48, Truck32",1,Request105,25,38,152,226,0.0,0.0,2,0.0,0.0,1200.0,2604.2850000000003,3129.2850000000003,439,38,10,4604.2850000000035
935,39,"Barge35, Train31",1,Request106,12,39,189,299,6.0,0.0,1,6.0,0.0,504.0,2632.0974,2956.0974,292,39,1,2956.0973999999987
936,39,"Barge36, Train31",1,Request106,12,39,189,299,0.0,0.0,1,0.0,0.0,504.0,2056.0974,2308.0974,293,39,2,2956.0973999999987
937,39,"Barge33, Barge48, Train33",1,Request106,12,39,189,299,0.0,0.0,2,0.0,0.0,576.0,2347.077,2599.077,289,39,3,2971.07699999999
938,39,"Barge33, Barge47, Train31",1,Request106,12,39,189,299,0.0,0.0,2,0.0,0.0,576.0,2378.4582,2630.4582,288,39,4,2990.4581999999937
939,39,Train23,1,Request106,12,39,189,299,0.0,0.0,0,0.0,0.0,432.0,1949.0010000000002,2381.001,298,39,5,3077.0009999999893
940,39,"Barge33, Train27, Train31",1,Request106,12,39,189,299,0.0,0.0,2,0.0,0.0,936.0,3087.8802,3339.8802,290,39,6,3699.880200000014
941,39,"Barge33, Train28, Train33",1,Request106,12,39,189,299,0.0,0.0,2,0.0,0.0,936.0,3171.8802,3423.8802,291,39,7,3795.880200000014
942,39,"Train17, Train31",1,Request106,12,39,189,299,0.0,0.0,1,0.0,0.0,864.0,2723.001,3155.0009999999997,294,39,8,3839.0009999999893
943,39,"Train18, Train31",1,Request106,12,39,189,299,0.0,0.0,1,0.0,0.0,864.0,2435.001,2867.001,295,39,9,3839.0009999999893
944,39,"Train19, Train33",1,Request106,12,39,189,299,0.0,0.0,1,0.0,0.0,864.0,2956.743,3388.7430000000004,296,39,10,4048.7429999999877
945,40,Barge28,1,Request107,23,40,179,285,57.0,0.0,0,57.0,0.0,138.0,235.7201,1684.7201,76,40,1,1684.720100000006
946,40,Barge29,1,Request107,23,40,179,285,0.0,0.0,0,0.0,0.0,138.0,235.7201,373.7201,77,40,2,2374.720100000006
947,40,"Barge01, Barge38",1,Request107,23,40,179,285,0.0,0.0,1,0.0,0.0,276.0,1670.86375,1808.86375,75,40,3,2924.3637499999895
948,40,"Barge01, Truck14",1,Request107,23,40,179,285,0.0,0.0,1,0.0,0.0,966.0,2796.6781,3279.6780999999996,411,40,4,4245.67809999999
949,40,Barge30,1,Request107,23,40,179,285,0.0,0.0,0,0.0,0.0,138.0,235.7201,373.7201,78,40,5,4398.720100000006
950,41,Train15,1,Request108,15,41,197,275,22.0,0.0,0,22.0,0.0,540.0,2357.6625000000004,3227.6625000000004,232,41,1,3227.662500000006
951,41,"Barge01, Train23",1,Request108,15,41,197,275,0.0,0.0,1,0.0,0.0,630.0,3095.2267500000003,3410.2267500000003,186,41,2,3770.2267500000016
952,41,"Barge19, Train31",1,Request108,15,41,197,275,0.0,0.0,1,0.0,0.0,630.0,3155.634,3470.634,215,41,3,3845.633999999991
953,41,"Barge20, Train31",1,Request108,15,41,197,275,0.0,0.0,1,0.0,0.0,630.0,3065.634,3380.634,216,41,4,3845.633999999991
954,41,"Barge21, Train31",1,Request108,15,41,197,275,0.0,0.0,1,0.0,0.0,630.0,2795.634,3110.634,217,41,5,3845.633999999991
955,41,"Barge23, Train31",1,Request108,15,41,197,275,0.0,0.0,1,0.0,0.0,630.0,2345.634,2660.634,219,41,6,3845.633999999991
956,41,"Barge06, Barge47, Train31",1,Request108,15,41,197,275,0.0,0.0,2,0.0,0.0,720.0,3153.585,3468.585,201,41,7,3888.584999999992
957,41,"Barge07, Barge47, Train31",1,Request108,15,41,197,275,0.0,0.0,2,0.0,0.0,720.0,2973.585,3288.585,205,41,8,3888.584999999992
958,41,"Barge08, Barge47, Train31",1,Request108,15,41,197,275,0.0,0.0,2,0.0,0.0,720.0,2793.585,3108.585,209,41,9,3888.584999999992
959,41,"Barge09, Barge47, Train31",1,Request108,15,41,197,275,0.0,0.0,2,0.0,0.0,720.0,2613.585,2928.585,212,41,10,3888.584999999992
960,42,"Barge06, Barge48",1,Request109,14,42,198,259,9.0,0.0,1,9.0,0.0,168.0,641.7446,851.7446,64,42,1,851.7446000000054
961,42,"Barge07, Barge48",1,Request109,14,42,198,259,0.0,0.0,1,0.0,0.0,168.0,473.74460000000005,557.7446,66,42,2,851.7446000000054
962,42,Barge26,1,Request109,14,42,198,259,0.0,0.0,0,0.0,0.0,84.0,208.7008,292.7008,69,42,3,1118.7007999999914
963,42,Train09,1,Request109,14,42,198,259,0.0,0.0,0,0.0,0.0,504.0,880.1940000000001,1384.1940000000002,71,42,4,1538.1939999999886
964,42,Barge27,1,Request109,14,42,198,259,0.0,0.0,0,0.0,0.0,84.0,208.7008,292.7008,70,42,5,1678.7007999999914
965,42,"Barge01, Barge37",1,Request109,14,42,198,259,0.0,0.0,1,0.0,0.0,168.0,956.2665,1040.2665,54,42,6,1761.266499999998
966,42,"Barge06, Train28",1,Request109,14,42,198,259,0.0,0.0,1,0.0,0.0,588.0,1366.015,1660.015,65,42,7,1786.015000000014
967,42,"Barge07, Train28",1,Request109,14,42,198,259,0.0,0.0,1,0.0,0.0,588.0,1198.015,1492.015,67,42,8,1786.015000000014
968,42,"Barge08, Train28",1,Request109,14,42,198,259,0.0,0.0,1,0.0,0.0,588.0,1030.015,1324.015,68,42,9,1786.015000000014
969,42,"Barge02, Train26",1,Request109,14,42,198,259,0.0,0.0,1,0.0,0.0,588.0,1364.454,1658.454,57,42,10,1980.453999999998
970,43,"Barge26, Train32",1,Request110,9,43,229,312,21.0,0.0,1,21.0,0.0,378.0,644.62455,1022.62455,170,43,1,1022.6245500000077
971,43,"Barge22, Train30",1,Request110,9,43,229,312,0.0,0.0,1,0.0,0.0,378.0,812.77515,1001.77515,168,43,2,1046.7751500000013
972,43,"Barge23, Train30",1,Request110,9,43,229,312,0.0,0.0,1,0.0,0.0,378.0,596.7751499999999,785.7751499999999,169,43,3,1046.7751500000013
973,43,"Barge08, Barge47, Train30",1,Request110,9,43,229,312,0.0,0.0,2,0.0,0.0,432.0,865.54575,1054.54575,159,43,4,1072.5457499999902
974,43,"Barge09, Barge47, Train30",1,Request110,9,43,229,312,0.0,0.0,2,0.0,0.0,432.0,757.54575,946.54575,162,43,5,1072.5457499999902
975,43,"Barge26, Truck33",1,Request110,9,43,229,312,0.0,0.0,1,0.0,0.0,378.0,750.6513,939.6513,563,43,6,1128.6512999999977
976,43,Train14,1,Request110,9,43,229,312,0.0,0.0,0,0.0,0.0,324.0,660.1455000000001,984.1455000000001,180,43,7,1227.1455000000133
977,43,"Barge08, Train27, Train30",1,Request110,9,43,229,312,0.0,0.0,2,0.0,0.0,702.0,1397.61225,1586.61225,160,43,8,1604.6122500000056
978,43,"Barge08, Train28, Truck33",1,Request110,9,43,229,312,0.0,0.0,2,0.0,0.0,702.0,1427.139,1616.139,553,43,9,1634.1389999999956
979,43,"Train06, Train30",1,Request110,9,43,229,312,0.0,0.0,1,0.0,0.0,648.0,1161.99225,1485.99225,176,43,10,1665.9922500000102
980,44,"Barge23, Train30",1,Request111,30,44,228,385,30.0,0.0,1,30.0,0.0,1260.0,1989.2504999999996,3519.2504999999996,169,44,1,3519.2504999999946
981,44,"Barge22, Train30",1,Request111,30,44,228,385,0.0,0.0,1,0.0,0.0,1260.0,2709.2505,3339.2505,168,44,2,3519.2504999999946
982,44,"Barge08, Barge47, Train30",1,Request111,30,44,228,385,0.0,0.0,2,0.0,0.0,1440.0,2885.1525,3515.1525,159,44,3,3605.1524999999965
983,44,"Barge09, Barge47, Train30",1,Request111,30,44,228,385,0.0,0.0,2,0.0,0.0,1440.0,2525.1525,3155.1525,162,44,4,3605.1524999999965
984,44,Train14,1,Request111,30,44,228,385,0.0,0.0,0,0.0,0.0,1080.0,2200.485,3280.485,180,44,5,4120.484999999986
985,44,"Barge08, Train27, Train30",1,Request111,30,44,228,385,0.0,0.0,2,0.0,0.0,2340.0,4658.7074999999995,5288.7074999999995,160,44,6,5378.7074999999895
986,44,"Train06, Train30",1,Request111,30,44,228,385,0.0,0.0,1,0.0,0.0,2160.0,3873.3075000000003,4953.3075,176,44,7,5583.307499999995
987,44,"Barge09, Truck25, Train30",1,Request111,30,44,228,385,0.0,0.0,2,0.0,0.0,2340.0,5371.5525,6001.5525,554,44,8,6451.552499999991
988,44,"Barge08, Truck25, Train30",1,Request111,30,44,228,385,0.0,0.0,2,0.0,0.0,2340.0,5731.5525,6361.5525,548,44,9,6451.552499999991
989,44,"Barge08, Truck25, Train30",1,Request111,30,44,228,385,0.0,0.0,2,0.0,0.0,2340.0,6631.5525,7261.5525,550,44,10,7351.552499999991
990,45,"Barge36, Train30",1,Request112,10,45,239,366,4.0,0.0,1,4.0,0.0,420.0,812.7420000000001,1062.7420000000002,278,45,1,1062.7419999999984
991,45,Train22,1,Request112,10,45,239,366,0.0,0.0,0,0.0,0.0,360.0,785.8875,1145.8875,283,45,2,1215.8875000000116
992,45,"Train17, Train30",1,Request112,10,45,239,366,0.0,0.0,1,0.0,0.0,720.0,1368.4950000000001,1728.4950000000001,279,45,3,1798.4949999999953
993,45,"Train18, Train30",1,Request112,10,45,239,366,0.0,0.0,1,0.0,0.0,720.0,1128.4950000000001,1488.4950000000001,280,45,4,1798.4949999999953
994,45,"Train19, Truck33",1,Request112,10,45,239,366,0.0,0.0,1,0.0,0.0,720.0,1516.0874999999999,1876.0874999999999,705,45,5,1916.0874999999942
995,45,"Train19, Train32",1,Request112,10,45,239,366,0.0,0.0,1,0.0,0.0,720.0,1563.2799999999995,1923.2799999999995,281,45,6,1963.2799999999988
996,45,"Train20, Train32",1,Request112,10,45,239,366,0.0,0.0,1,0.0,0.0,720.0,1323.2799999999995,1683.2799999999995,282,45,7,1963.2799999999988
997,45,"Train20, Truck33",1,Request112,10,45,239,366,0.0,0.0,1,0.0,0.0,720.0,1516.0874999999999,1876.0874999999999,706,45,8,2156.087499999994
998,46,"Barge07, Barge48, Truck33",1,Request113,10,46,215,280,4.0,0.0,2,4.0,0.0,480.0,1038.374,1288.374,543,46,1,1288.3740000000107
999,46,"Barge21, Train30",1,Request113,10,46,215,280,0.0,0.0,1,0.0,0.0,420.0,963.0835000000001,1173.0835,167,46,2,1338.083500000008
1000,46,"Barge22, Train30",1,Request113,10,46,215,280,0.0,0.0,1,0.0,0.0,420.0,903.0835000000001,1113.0835,168,46,3,1338.083500000008
1001,46,"Barge23, Train30",1,Request113,10,46,215,280,0.0,0.0,1,0.0,0.0,420.0,663.0835,873.0835,169,46,4,1338.083500000008
1002,46,"Barge07, Barge47, Train30",1,Request113,10,46,215,280,0.0,0.0,2,0.0,0.0,480.0,1081.7175,1291.7175,155,46,5,1366.7174999999988
1003,46,"Barge08, Barge47, Train30",1,Request113,10,46,215,280,0.0,0.0,2,0.0,0.0,480.0,961.7175,1171.7175,159,46,6,1366.7174999999988
1004,46,"Barge09, Barge47, Train30",1,Request113,10,46,215,280,0.0,0.0,2,0.0,0.0,480.0,841.7175,1051.7175,162,46,7,1366.7174999999988
1005,46,"Barge01, Barge36, Train30",1,Request113,10,46,215,280,0.0,0.0,2,0.0,0.0,480.0,1062.059,1272.059,131,46,8,1367.0590000000084
1006,46,"Barge26, Train32",1,Request113,10,46,215,280,0.0,0.0,1,0.0,0.0,420.0,716.2495,926.2495,170,46,9,1381.2495000000054
1007,46,"Barge07, Barge48, Train32",1,Request113,10,46,215,280,0.0,0.0,2,0.0,0.0,480.0,1055.5665000000001,1265.5665000000001,156,46,10,1410.5664999999863
1008,47,"Barge45, Truck32",1,Request114,9,47,187,302,32.0,0.0,1,32.0,0.0,378.0,425.46465,902.4646500000001,753,47,1,902.464650000009
1009,47,"Barge45, Barge49",1,Request114,9,47,187,302,0.0,0.0,1,0.0,0.0,108.0,659.4354000000001,713.4354000000001,325,47,2,1001.4353999999876
1010,47,"Barge41, Barge48, Barge49",1,Request114,9,47,187,302,0.0,0.0,2,0.0,0.0,162.0,668.74275,722.74275,322,47,3,1028.742750000005
1011,47,"Barge41, Barge48, Truck32",1,Request114,9,47,187,302,0.0,0.0,2,0.0,0.0,432.0,596.7719999999999,785.7719999999999,748,47,4,1091.7719999999972
1012,47,"Train25, Truck32",1,Request114,9,47,187,302,0.0,0.0,1,0.0,0.0,648.0,949.17825,1273.17825,755,47,5,1345.1782499999972
1013,47,"Barge41, Barge47, Train29",1,Request114,9,47,187,302,0.0,0.0,2,0.0,0.0,432.0,853.4686499999999,1042.46865,321,47,6,1348.4686499999953
1014,47,"Barge41, Barge47, Truck29",1,Request114,9,47,187,302,0.0,0.0,2,0.0,0.0,432.0,1116.9954,1305.9954,746,47,7,1611.9954000000143
1015,47,"Barge41, Train28, Barge49",1,Request114,9,47,187,302,0.0,0.0,2,0.0,0.0,432.0,1287.34515,1341.34515,324,47,8,1647.3451500000083
1016,47,"Barge41, Train28, Truck32",1,Request114,9,47,187,302,0.0,0.0,2,0.0,0.0,702.0,1197.3744000000002,1386.3744000000002,752,47,9,1692.3744000000006
1017,47,"Train25, Barge49",1,Request114,9,47,187,302,0.0,0.0,1,0.0,0.0,378.0,1489.1490000000001,1678.1490000000001,327,47,10,1750.149000000005
1018,48,Train15,1,Request115,9,48,203,353,16.0,0.0,0,16.0,0.0,324.0,1414.5975,1882.5975,232,48,1,1882.5975000000035
1019,48,"Barge26, Train33",1,Request115,9,48,203,353,0.0,0.0,1,0.0,0.0,378.0,1455.2298,1644.2298,221,48,2,2067.229800000001
1020,48,"Barge19, Train31",1,Request115,9,48,203,353,0.0,0.0,1,0.0,0.0,378.0,1893.3804,2082.3804,215,48,3,2091.3803999999946
1021,48,"Barge20, Train31",1,Request115,9,48,203,353,0.0,0.0,1,0.0,0.0,378.0,1839.3804,2028.3804,216,48,4,2091.3803999999946
1022,48,"Barge21, Train31",1,Request115,9,48,203,353,0.0,0.0,1,0.0,0.0,378.0,1677.3804,1866.3804,217,48,5,2091.3803999999946
1023,48,"Barge23, Train31",1,Request115,9,48,203,353,0.0,0.0,1,0.0,0.0,378.0,1407.3804,1596.3804,219,48,6,2091.3803999999946
1024,48,"Barge22, Train31",1,Request115,9,48,203,353,0.0,0.0,1,0.0,0.0,378.0,1623.3804,1812.3804,218,48,7,2091.3803999999946
1025,48,"Barge24, Train31",1,Request115,9,48,203,353,0.0,0.0,1,0.0,0.0,378.0,1353.3804,1542.3804,220,48,8,2091.3803999999946
1026,48,"Barge06, Barge48, Train33",1,Request115,9,48,203,353,0.0,0.0,2,0.0,0.0,432.0,1868.6151,2057.6151,202,48,9,2093.6150999999954
1027,48,"Barge07, Barge48, Train33",1,Request115,9,48,203,353,0.0,0.0,2,0.0,0.0,432.0,1760.6151,1949.6151,206,48,10,2093.6150999999954
1028,49,Barge31,1,Request116,16,49,208,277,40.0,0.0,0,40.0,0.0,96.0,253.4224,989.4224,120,49,1,989.4224000000104
1029,49,"Barge07, Barge48, Truck32",1,Request116,16,49,208,277,0.0,0.0,2,0.0,0.0,768.0,1090.7424,1426.7424,463,49,2,1602.7423999999883
1030,49,"Barge20, Truck29",1,Request116,16,49,208,277,0.0,0.0,1,0.0,0.0,672.0,1289.7696,1625.7696,479,49,3,1657.7695999999996
1031,49,"Barge26, Barge49",1,Request116,16,49,208,277,0.0,0.0,1,0.0,0.0,192.0,675.7832,771.7832,119,49,4,1659.7832000000053
1032,49,"Barge07, Barge48, Barge49",1,Request116,16,49,208,277,0.0,0.0,2,0.0,0.0,288.0,1218.6904,1314.6904,105,49,5,1706.6903999999922
1033,49,"Barge26, Truck32",1,Request116,16,49,208,277,0.0,0.0,1,0.0,0.0,672.0,763.8352,1099.8352,483,49,6,1771.8352000000014
1034,49,"Barge21, Truck29",1,Request116,16,49,208,277,0.0,0.0,1,0.0,0.0,672.0,1289.7696,1625.7696,480,49,7,1945.7695999999996
1035,49,"Barge20, Train29",1,Request116,16,49,208,277,0.0,0.0,1,0.0,0.0,672.0,1645.2776,1981.2776,115,49,8,2085.2776000000013
1036,49,"Barge21, Train29",1,Request116,16,49,208,277,0.0,0.0,1,0.0,0.0,672.0,1357.2776,1693.2776,116,49,9,2085.2776000000013
1037,49,"Barge22, Train29",1,Request116,16,49,208,277,0.0,0.0,1,0.0,0.0,672.0,1261.2776,1597.2776,117,49,10,2085.2776000000013
1038,50,Barge35,1,Request117,22,50,186,336,9.0,0.0,0,9.0,0.0,132.0,276.7149,606.7149000000001,241,50,1,606.7148999999918
1039,50,Barge36,1,Request117,22,50,186,336,0.0,0.0,0,0.0,0.0,132.0,276.7149,408.71490000000006,242,50,2,1662.7148999999918
1040,50,"Barge33, Barge47",1,Request117,22,50,186,336,0.0,0.0,1,0.0,0.0,264.0,1230.7096999999999,1362.7096999999999,239,50,3,2088.7097000000067
1041,50,"Barge33, Train27",1,Request117,22,50,186,336,0.0,0.0,1,0.0,0.0,924.0,1607.3166999999999,2069.3167,240,50,4,2795.3166999999958
1042,50,Train17,1,Request117,22,50,186,336,0.0,0.0,0,0.0,0.0,792.0,1037.3715,1829.3715,243,50,5,3149.3715000000084
1043,50,"Barge33, Truck25",1,Request117,22,50,186,336,0.0,0.0,1,0.0,0.0,924.0,2312.6697000000004,2774.6697000000004,657,50,6,3500.6696999999986
1044,50,Train18,1,Request117,22,50,186,336,0.0,0.0,0,0.0,0.0,792.0,1037.3715,1829.3715,244,50,7,3677.3715000000084
1045,50,"Barge33, Truck25",1,Request117,22,50,186,336,0.0,0.0,1,0.0,0.0,924.0,2642.6697000000004,3104.6697000000004,658,50,8,3830.6696999999986
1046,51,Train15,1,Request118,15,51,172,269,47.0,0.0,0,47.0,0.0,540.0,2357.6625000000004,3602.6625000000004,232,51,1,3602.662500000006
1047,51,"Barge01, Train23",1,Request118,15,51,172,269,0.0,0.0,1,0.0,0.0,630.0,3095.2267500000003,3410.2267500000003,186,51,2,4145.226750000002
1048,51,"Barge18, Train31",1,Request118,15,51,172,269,0.0,0.0,1,0.0,0.0,630.0,3425.634,3740.634,214,51,3,4310.633999999991
1049,51,"Barge20, Train31",1,Request118,15,51,172,269,0.0,0.0,1,0.0,0.0,630.0,3065.634,3380.634,216,51,4,4310.633999999991
1050,51,"Barge19, Train31",1,Request118,15,51,172,269,0.0,0.0,1,0.0,0.0,630.0,3155.634,3470.634,215,51,5,4310.633999999991
1051,51,"Barge22, Train31",1,Request118,15,51,172,269,0.0,0.0,1,0.0,0.0,630.0,2705.634,3020.634,218,51,6,4310.633999999991
1052,51,"Barge21, Train31",1,Request118,15,51,172,269,0.0,0.0,1,0.0,0.0,630.0,2795.634,3110.634,217,51,7,4310.633999999991
1053,51,"Barge17, Train31",1,Request118,15,51,172,269,0.0,0.0,1,0.0,0.0,630.0,3515.634,3830.634,213,51,8,4310.633999999991
1054,51,"Barge24, Train31",1,Request118,15,51,172,269,0.0,0.0,1,0.0,0.0,630.0,2255.634,2570.634,220,51,9,4310.633999999991
1055,51,"Barge23, Train31",1,Request118,15,51,172,269,0.0,0.0,1,0.0,0.0,630.0,2345.634,2660.634,219,51,10,4310.633999999991
1056,52,Train15,1,Request119,26,52,155,204,64.0,30.0,0,64.0,30.0,936.0,4086.6150000000002,7466.615,232,52,1,7466.614999999991
1057,52,"Barge01, Train23",1,Request119,26,52,155,204,0.0,0.0,1,0.0,0.0,1092.0,5365.059700000001,5911.059700000001,186,52,2,9148.059700000013
1058,52,"Barge17, Train31",1,Request119,26,52,155,204,0.0,0.0,1,0.0,0.0,1092.0,6093.7656,6639.7656,213,52,3,9603.765600000013
1059,52,"Barge19, Train31",1,Request119,26,52,155,204,0.0,0.0,1,0.0,0.0,1092.0,5469.7656,6015.7656,215,52,4,9603.765600000013
1060,52,"Barge21, Train31",1,Request119,26,52,155,204,0.0,0.0,1,0.0,0.0,1092.0,4845.7656,5391.7656,217,52,5,9603.765600000013
1061,52,"Barge20, Train31",1,Request119,26,52,155,204,0.0,0.0,1,0.0,0.0,1092.0,5313.7656,5859.7656,216,52,6,9603.765600000013
1062,52,"Barge23, Train31",1,Request119,26,52,155,204,0.0,0.0,1,0.0,0.0,1092.0,4065.7655999999997,4611.7656,219,52,7,9603.765600000013
1063,52,"Barge22, Train31",1,Request119,26,52,155,204,0.0,0.0,1,0.0,0.0,1092.0,4689.7656,5235.7656,218,52,8,9603.765600000013
1064,52,"Barge03, Barge47, Train31",1,Request119,26,52,155,204,0.0,0.0,2,0.0,0.0,1248.0,6402.214,6948.214000000001,189,52,9,9678.214000000007
1065,52,"Barge04, Barge47, Train31",1,Request119,26,52,155,204,0.0,0.0,2,0.0,0.0,1248.0,6090.214,6636.214,193,52,10,9678.214000000007
1066,53,"Barge33, Barge48, Truck33",1,Request120,5,53,216,288,3.0,0.0,2,3.0,0.0,240.0,519.01625,639.01625,696,53,1,639.016249999986
1067,53,"Barge36, Train30",1,Request120,5,53,216,288,0.0,0.0,1,0.0,0.0,210.0,406.37100000000004,511.37100000000004,278,53,2,646.3710000000137
1068,53,"Barge33, Barge48, Train32",1,Request120,5,53,216,288,0.0,0.0,2,0.0,0.0,240.0,527.6125,632.6125,274,53,3,660.1124999999884
1069,53,"Barge33, Barge47, Train30",1,Request120,5,53,216,288,0.0,0.0,2,0.0,0.0,240.0,540.688,645.6880000000001,273,53,4,660.6879999999946
1070,53,Train22,1,Request120,5,53,216,288,0.0,0.0,0,0.0,0.0,180.0,392.94375,572.94375,283,53,5,722.9437500000058
1071,53,"Barge36, Truck30",1,Request120,5,53,216,288,0.0,0.0,1,0.0,0.0,210.0,560.37725,665.37725,702,53,6,800.3772499999905
1072,53,"Barge33, Barge47, Truck30",1,Request120,5,53,216,288,0.0,0.0,2,0.0,0.0,240.0,784.69425,889.69425,694,53,7,904.6942500000005
1073,53,"Barge33, Train27, Train30",1,Request120,5,53,216,288,0.0,0.0,2,0.0,0.0,390.0,836.2805000000001,941.2805000000001,275,53,8,956.2804999999935
1074,53,"Barge33, Train28, Truck33",1,Request120,5,53,216,288,0.0,0.0,2,0.0,0.0,390.0,852.68425,957.68425,700,53,9,972.6842499999912
1075,53,"Barge33, Train28, Train32",1,Request120,5,53,216,288,0.0,0.0,2,0.0,0.0,390.0,871.2805000000001,976.2805000000001,276,53,10,1003.7804999999935
1076,54,"Train26, Barge49",1,Request121,14,54,230,311,13.0,0.0,1,13.0,0.0,588.0,1644.454,2120.454,328,54,1,2120.453999999998
1077,54,"Train26, Truck32",1,Request121,14,54,230,311,0.0,0.0,1,0.0,0.0,1008.0,1476.4995000000001,1980.4995,756,54,2,2162.4995000000054
1078,54,"Train24, Train29",1,Request121,14,54,230,311,0.0,0.0,1,0.0,0.0,1008.0,1510.495,2014.495,326,54,3,2350.4949999999953
1079,54,"Train24, Truck29",1,Request121,14,54,230,311,0.0,0.0,1,0.0,0.0,1008.0,1682.4254999999998,2186.4255,754,54,4,2522.425500000012
1080,55,"Barge05, Barge48",1,Request122,13,55,192,318,3.0,0.0,1,3.0,0.0,156.0,751.9057,868.9056999999999,62,55,1,868.905700000003
1081,55,"Barge06, Barge48",1,Request122,13,55,192,318,0.0,0.0,1,0.0,0.0,156.0,595.9057,673.9057,64,55,2,868.905700000003
1082,55,"Barge07, Barge48",1,Request122,13,55,192,318,0.0,0.0,1,0.0,0.0,156.0,439.9057,517.9057,66,55,3,868.905700000003
1083,55,Barge26,1,Request122,13,55,192,318,0.0,0.0,0,0.0,0.0,78.0,193.7936,271.79359999999997,69,55,4,1025.7936000000045
1084,55,Barge27,1,Request122,13,55,192,318,0.0,0.0,0,0.0,0.0,78.0,193.7936,271.79359999999997,70,55,5,1285.7936000000045
1085,55,"Barge01, Barge37",1,Request122,13,55,192,318,0.0,0.0,1,0.0,0.0,156.0,887.9617499999999,965.9617499999999,54,55,6,1342.9617499999877
1086,55,Train09,1,Request122,13,55,192,318,0.0,0.0,0,0.0,0.0,468.0,817.323,1285.323,71,55,7,1506.323000000004
1087,55,"Barge05, Train28",1,Request122,13,55,192,318,0.0,0.0,1,0.0,0.0,546.0,1424.4425,1697.4424999999999,63,55,8,1736.4425000000047
1088,55,"Barge06, Train28",1,Request122,13,55,192,318,0.0,0.0,1,0.0,0.0,546.0,1268.4425,1541.4425,65,55,9,1736.4425000000047
1089,55,"Barge07, Train28",1,Request122,13,55,192,318,0.0,0.0,1,0.0,0.0,546.0,1112.4425,1385.4425,67,55,10,1736.4425000000047
1090,56,"Barge45, Truck32",1,Request123,8,56,201,361,18.0,0.0,1,18.0,0.0,336.0,378.1908,690.1908000000001,753,56,1,690.1908000000112
1091,56,"Barge45, Barge49",1,Request123,8,56,201,361,0.0,0.0,1,0.0,0.0,96.0,586.1648,634.1648,325,56,2,778.1647999999986
1092,56,"Barge41, Barge48, Barge49",1,Request123,8,56,201,361,0.0,0.0,2,0.0,0.0,144.0,594.438,642.438,322,56,3,802.4379999999946
1093,56,"Barge41, Barge48, Truck32",1,Request123,8,56,201,361,0.0,0.0,2,0.0,0.0,384.0,530.4639999999999,698.4639999999999,748,56,4,858.4640000000072
1094,56,"Barge41, Barge47, Train29",1,Request123,8,56,201,361,0.0,0.0,2,0.0,0.0,384.0,758.6388,926.6388,321,56,5,1086.638799999986
1095,56,"Barge41, Barge47, Truck29",1,Request123,8,56,201,361,0.0,0.0,2,0.0,0.0,384.0,992.8848,1160.8848,746,56,6,1320.8847999999998
1096,56,"Barge41, Train28, Barge49",1,Request123,8,56,201,361,0.0,0.0,2,0.0,0.0,384.0,1144.3068,1192.3068,324,56,7,1352.3067999999912
1097,56,"Barge41, Train28, Truck32",1,Request123,8,56,201,361,0.0,0.0,2,0.0,0.0,624.0,1064.3328000000001,1232.3328000000001,752,56,8,1392.3328000000038
1098,56,"Train26, Barge49",1,Request123,8,56,201,361,0.0,0.0,1,0.0,0.0,336.0,939.688,1107.688,328,56,9,1443.6879999999946
1099,56,"Train26, Truck32",1,Request123,8,56,201,361,0.0,0.0,1,0.0,0.0,576.0,843.714,1131.714,756,56,10,1467.7140000000072
1100,57,Train15,1,Request124,6,57,190,342,29.0,0.0,0,29.0,0.0,216.0,943.065,1333.065,232,57,1,1333.0650000000023
1101,57,"Barge19, Train31",1,Request124,6,57,190,342,0.0,0.0,1,0.0,0.0,252.0,1262.2536,1388.2536,215,57,2,1472.2535999999964
1102,57,"Barge20, Train31",1,Request124,6,57,190,342,0.0,0.0,1,0.0,0.0,252.0,1226.2536,1352.2536,216,57,3,1472.2535999999964
1103,57,"Barge22, Train31",1,Request124,6,57,190,342,0.0,0.0,1,0.0,0.0,252.0,1082.2536,1208.2536,218,57,4,1472.2535999999964
1104,57,"Barge24, Train31",1,Request124,6,57,190,342,0.0,0.0,1,0.0,0.0,252.0,902.2536,1028.2536,220,57,5,1472.2535999999964
1105,57,"Barge23, Train31",1,Request124,6,57,190,342,0.0,0.0,1,0.0,0.0,252.0,938.2536,1064.2536,219,57,6,1472.2535999999964
1106,57,"Barge05, Barge48, Train33",1,Request124,6,57,190,342,0.0,0.0,2,0.0,0.0,288.0,1317.7433999999998,1443.7433999999998,198,57,7,1473.7434000000067
1107,57,"Barge06, Barge48, Train33",1,Request124,6,57,190,342,0.0,0.0,2,0.0,0.0,288.0,1245.7433999999998,1371.7433999999998,202,57,8,1473.7434000000067
1108,57,"Barge07, Barge48, Train33",1,Request124,6,57,190,342,0.0,0.0,2,0.0,0.0,288.0,1173.7433999999998,1299.7433999999998,206,57,9,1473.7434000000067
1109,57,"Barge05, Barge47, Train31",1,Request124,6,57,190,342,0.0,0.0,2,0.0,0.0,288.0,1333.434,1459.434,197,57,10,1489.4340000000084
1110,58,"Barge33, Barge48, Truck33",1,Request125,9,58,214,376,5.0,0.0,2,5.0,0.0,432.0,934.2292500000001,1168.2292499999999,696,58,1,1168.229250000004
1111,58,"Barge36, Train30",1,Request125,9,58,214,376,0.0,0.0,1,0.0,0.0,378.0,731.4678000000001,920.4678000000001,278,58,2,1181.467800000013
1112,58,"Barge33, Barge48, Train32",1,Request125,9,58,214,376,0.0,0.0,2,0.0,0.0,432.0,949.7025,1138.7024999999999,274,58,3,1183.702500000014
1113,58,"Barge33, Barge47, Train30",1,Request125,9,58,214,376,0.0,0.0,2,0.0,0.0,432.0,973.2384000000001,1162.2384000000002,273,58,4,1207.238400000002
1114,58,Train22,1,Request125,9,58,214,376,0.0,0.0,0,0.0,0.0,324.0,707.29875,1031.29875,283,58,5,1319.2987499999872
1115,58,"Barge33, Train27, Train30",1,Request125,9,58,214,376,0.0,0.0,2,0.0,0.0,702.0,1505.3049,1694.3049,275,58,6,1739.3048999999883
1116,58,"Barge33, Train28, Truck33",1,Request125,9,58,214,376,0.0,0.0,2,0.0,0.0,702.0,1534.83165,1723.83165,700,58,7,1768.8316500000074
1117,58,"Barge33, Train28, Train32",1,Request125,9,58,214,376,0.0,0.0,2,0.0,0.0,702.0,1568.3049,1757.3049,276,58,8,1802.3048999999883
1118,58,"Train17, Train30",1,Request125,9,58,214,376,0.0,0.0,1,0.0,0.0,648.0,1231.6455,1555.6455,279,58,9,1843.6455000000133
1119,58,"Train18, Train30",1,Request125,9,58,214,376,0.0,0.0,1,0.0,0.0,648.0,1015.6455000000001,1339.6455,280,58,10,1843.6455000000133
1120,59,"Barge26, Train32",1,Request126,23,59,197,359,53.0,0.0,1,53.0,0.0,966.0,1647.37385,3349.3738500000004,170,59,1,3349.3738500000036
1121,59,"Barge19, Train30",1,Request126,23,59,197,359,0.0,0.0,1,0.0,0.0,966.0,2767.09205,3250.09205,165,59,2,3411.0920500000066
1122,59,"Barge20, Train30",1,Request126,23,59,197,359,0.0,0.0,1,0.0,0.0,966.0,2629.09205,3112.09205,166,59,3,3411.0920500000066
1123,59,"Barge06, Barge48, Train32",1,Request126,23,59,197,359,0.0,0.0,2,0.0,0.0,1104.0,2703.8029500000002,3186.80295,152,59,4,3416.802950000012
1124,59,"Barge07, Barge48, Train32",1,Request126,23,59,197,359,0.0,0.0,2,0.0,0.0,1104.0,2427.8029500000002,2910.8029500000002,156,59,5,3416.802950000012
1125,59,"Barge06, Barge47, Train30",1,Request126,23,59,197,359,0.0,0.0,2,0.0,0.0,1104.0,2763.95025,3246.95025,151,59,6,3476.9502499999944
1126,59,"Barge07, Barge47, Train30",1,Request126,23,59,197,359,0.0,0.0,2,0.0,0.0,1104.0,2487.95025,2970.95025,155,59,7,3476.9502499999944
1127,59,"Barge08, Barge47, Train30",1,Request126,23,59,197,359,0.0,0.0,2,0.0,0.0,1104.0,2211.95025,2694.95025,159,59,8,3476.9502499999944
1128,59,"Barge09, Barge47, Train30",1,Request126,23,59,197,359,0.0,0.0,2,0.0,0.0,1104.0,1935.95025,2418.95025,162,59,9,3476.9502499999944
1129,59,"Barge01, Barge36, Train30",1,Request126,23,59,197,359,0.0,0.0,2,0.0,0.0,1104.0,2442.7357,2925.7357,131,59,10,3477.73569999999
1130,60,"Barge04, Barge48",1,Request127,28,60,172,291,11.0,0.0,1,11.0,0.0,336.0,1955.4892,2431.4892,60,60,1,2431.489200000011
1131,60,"Barge05, Barge48",1,Request127,28,60,172,291,0.0,0.0,1,0.0,0.0,336.0,1619.4892,1787.4892,62,60,2,2431.489200000011
1132,60,"Barge06, Barge48",1,Request127,28,60,172,291,0.0,0.0,1,0.0,0.0,336.0,1283.4892,1451.4892,64,60,3,2431.489200000011
1133,60,"Barge07, Barge48",1,Request127,28,60,172,291,0.0,0.0,1,0.0,0.0,336.0,947.4892000000001,1115.4892,66,60,4,2431.489200000011
1134,60,Barge26,1,Request127,28,60,172,291,0.0,0.0,0,0.0,0.0,168.0,417.4016,585.4016,69,60,5,2769.401600000012
1135,60,Barge27,1,Request127,28,60,172,291,0.0,0.0,0,0.0,0.0,168.0,417.4016,585.4016,70,60,6,3329.401600000012
1136,60,"Barge01, Barge37",1,Request127,28,60,172,291,0.0,0.0,1,0.0,0.0,336.0,1912.533,2080.533,54,60,7,3452.532999999996
1137,60,Train09,1,Request127,28,60,172,291,0.0,0.0,0,0.0,0.0,1008.0,1760.3880000000001,2768.3880000000004,71,60,8,3804.3880000000063
1138,60,"Barge04, Train28",1,Request127,28,60,172,291,0.0,0.0,1,0.0,0.0,1176.0,3404.03,3992.0299999999997,61,60,9,4300.029999999999
1139,60,"Barge05, Train28",1,Request127,28,60,172,291,0.0,0.0,1,0.0,0.0,1176.0,3068.03,3656.0299999999997,63,60,10,4300.029999999999
1140,61,"Barge45, Train33",1,Request128,17,61,208,299,11.0,1.0,1,11.0,1.0,714.0,3276.34795,3837.34795,349,61,1,3837.3479499999958
1141,61,"Barge41, Barge47, Train31",1,Request128,17,61,208,299,0.0,0.0,2,0.0,0.0,816.0,3338.3851999999997,3695.3851999999997,345,61,2,3916.3851999999897
1142,61,"Barge41, Train27, Train31",1,Request128,17,61,208,299,0.0,0.0,2,0.0,0.0,1326.0,4343.3997,4700.3997,347,61,3,4921.399700000009
1143,61,"Train24, Train31",1,Request128,17,61,208,299,0.0,0.0,1,0.0,0.0,1224.0,3560.4502500000003,4172.45025,350,61,4,4954.450249999994
1144,61,"Barge41, Train28, Train33",1,Request128,17,61,208,299,0.0,0.0,2,0.0,0.0,1326.0,4462.3997,4819.3997,348,61,5,5057.399700000009
1145,61,"Train26, Train33",1,Request128,17,61,208,299,0.0,0.0,1,0.0,0.0,1224.0,4027.58475,4639.58475,352,61,6,5251.584750000009
1146,61,"Barge41, Truck25, Train31",1,Request128,17,61,208,299,0.0,0.0,2,0.0,0.0,1326.0,4951.345200000001,5308.345200000001,785,61,7,5529.345200000011
1147,61,"Barge41, Truck26, Train33",1,Request128,17,61,208,299,0.0,0.0,2,0.0,0.0,1326.0,5425.9937,5782.9937,787,61,8,6020.993699999992
1148,61,"Barge41, Truck25, Train31",1,Request128,17,61,208,299,0.0,0.0,2,0.0,0.0,1326.0,5461.345200000001,5818.345200000001,789,61,9,6039.345200000011
1149,61,"Barge45, Truck34",1,Request128,17,61,208,299,0.0,0.0,1,0.0,0.0,714.0,5889.33295,6246.33295,793,61,10,6433.332950000011
1150,62,"Barge36, Train31",1,Request129,9,62,240,360,3.0,0.0,1,3.0,0.0,378.0,1542.07305,1758.07305,293,62,1,1758.0730500000063
1151,62,Train23,1,Request129,9,62,240,360,0.0,0.0,0,0.0,0.0,324.0,1461.7507500000002,1785.7507500000002,298,62,2,1848.7507500000065
1152,62,"Train17, Train31",1,Request129,9,62,240,360,0.0,0.0,1,0.0,0.0,648.0,2042.2507500000002,2366.2507499999997,294,62,3,2420.2507500000065
1153,62,"Train18, Train31",1,Request129,9,62,240,360,0.0,0.0,1,0.0,0.0,648.0,1826.2507500000002,2150.25075,295,62,4,2420.2507500000065
1154,62,"Train19, Train33",1,Request129,9,62,240,360,0.0,0.0,1,0.0,0.0,648.0,2217.55725,2541.5572500000003,296,62,5,2568.5572500000126
1155,62,"Train20, Train33",1,Request129,9,62,240,360,0.0,0.0,1,0.0,0.0,648.0,2001.55725,2325.5572500000003,297,62,6,2568.5572500000126
1156,62,"Barge36, Truck31",1,Request129,9,62,240,360,0.0,0.0,1,0.0,0.0,378.0,3380.10255,3569.10255,724,62,7,3596.1025500000105
1157,62,"Train19, Truck34",1,Request129,9,62,240,360,0.0,0.0,1,0.0,0.0,648.0,3735.90225,4059.90225,727,62,8,4086.9022500000137
1158,62,"Train17, Truck31",1,Request129,9,62,240,360,0.0,0.0,1,0.0,0.0,648.0,3826.28025,4150.28025,725,62,9,4204.280250000011
1159,62,"Train18, Truck31",1,Request129,9,62,240,360,0.0,0.0,1,0.0,0.0,648.0,3826.28025,4150.28025,726,62,10,4420.280250000011
1160,63,Train15,1,Request130,14,63,150,273,69.0,0.0,0,69.0,0.0,504.0,2200.485,3670.485,232,63,1,3670.484999999986
1161,63,"Barge01, Train23",1,Request130,14,63,150,273,0.0,0.0,1,0.0,0.0,588.0,2888.8783000000003,3182.8783000000003,186,63,2,4176.878300000011
1162,63,"Barge18, Train31",1,Request130,14,63,150,273,0.0,0.0,1,0.0,0.0,588.0,3197.2583999999997,3491.2583999999997,214,63,3,4275.2583999999915
1163,63,"Barge20, Train31",1,Request130,14,63,150,273,0.0,0.0,1,0.0,0.0,588.0,2861.2583999999997,3155.2583999999997,216,63,4,4275.2583999999915
1164,63,"Barge19, Train31",1,Request130,14,63,150,273,0.0,0.0,1,0.0,0.0,588.0,2945.2583999999997,3239.2583999999997,215,63,5,4275.2583999999915
1165,63,"Barge22, Train31",1,Request130,14,63,150,273,0.0,0.0,1,0.0,0.0,588.0,2525.2583999999997,2819.2583999999997,218,63,6,4275.2583999999915
1166,63,"Barge21, Train31",1,Request130,14,63,150,273,0.0,0.0,1,0.0,0.0,588.0,2609.2583999999997,2903.2583999999997,217,63,7,4275.2583999999915
1167,63,"Barge17, Train31",1,Request130,14,63,150,273,0.0,0.0,1,0.0,0.0,588.0,3281.2583999999997,3575.2583999999997,213,63,8,4275.2583999999915
1168,63,"Barge24, Train31",1,Request130,14,63,150,273,0.0,0.0,1,0.0,0.0,588.0,2105.2583999999997,2399.2583999999997,220,63,9,4275.2583999999915
1169,63,"Barge23, Train31",1,Request130,14,63,150,273,0.0,0.0,1,0.0,0.0,588.0,2189.2583999999997,2483.2583999999997,219,63,10,4275.2583999999915
1170,64,"Barge36, Train30",1,Request131,26,64,226,347,17.0,0.0,1,17.0,0.0,1092.0,2113.1292000000003,3101.1292000000003,278,64,1,3101.1291999999958
1171,64,Train22,1,Request131,26,64,226,347,0.0,0.0,0,0.0,0.0,936.0,2043.3075000000001,2979.3075,283,64,2,3499.3074999999953
1172,64,"Train17, Train30",1,Request131,26,64,226,347,0.0,0.0,1,0.0,0.0,1872.0,3558.087,4494.087,279,64,3,5014.0869999999995
1173,64,"Train18, Train30",1,Request131,26,64,226,347,0.0,0.0,1,0.0,0.0,1872.0,2934.087,3870.087,280,64,4,5014.0869999999995
1174,65,"Barge26, Train33",1,Request132,11,65,222,313,28.0,0.0,1,28.0,0.0,462.0,1778.6142000000002,2317.6142,221,65,1,2317.614200000011
1175,65,"Barge21, Train31",1,Request132,11,65,222,313,0.0,0.0,1,0.0,0.0,462.0,2050.1315999999997,2281.1315999999997,217,65,2,2347.1315999999933
1176,65,"Barge22, Train31",1,Request132,11,65,222,313,0.0,0.0,1,0.0,0.0,462.0,1984.1316,2215.1315999999997,218,65,3,2347.1315999999933
1177,65,"Barge23, Train31",1,Request132,11,65,222,313,0.0,0.0,1,0.0,0.0,462.0,1720.1316,1951.1316,219,65,4,2347.1315999999933
1178,65,"Barge24, Train31",1,Request132,11,65,222,313,0.0,0.0,1,0.0,0.0,462.0,1654.1316,1885.1316,220,65,5,2347.1315999999933
1179,65,"Barge08, Barge47, Train31",1,Request132,11,65,222,313,0.0,0.0,2,0.0,0.0,528.0,2048.629,2279.629,209,65,6,2378.6289999999863
1180,65,"Barge09, Barge47, Train31",1,Request132,11,65,222,313,0.0,0.0,2,0.0,0.0,528.0,1916.6290000000001,2147.629,212,65,7,2378.6289999999863
1181,65,Train16,1,Request132,11,65,222,313,0.0,0.0,0,0.0,0.0,396.0,1728.9525,2124.9525000000003,233,65,8,2619.952500000014
1182,65,"Barge08, Train27, Train31",1,Request132,11,65,222,313,0.0,0.0,2,0.0,0.0,858.0,2698.9325,2929.9324999999994,210,65,9,3028.9324999999953
1183,65,"Train05, Train31",1,Request132,11,65,222,313,0.0,0.0,1,0.0,0.0,792.0,2674.9525000000003,3070.9525000000003,226,65,10,3103.952500000014
1184,0,"Barge35, Train31",2,Request133,19,0,356,487,7.0,0.0,1,7.0,0.0,798.0,4167.48755,4699.48755,292,0,1,4699.487549999991
1185,0,"Barge36, Train31",2,Request133,19,0,356,487,0.0,0.0,1,0.0,0.0,798.0,3255.4875500000003,3654.4875500000003,293,0,2,4699.487549999991
1186,0,"Barge33, Barge48, Train33",2,Request133,19,0,356,487,0.0,0.0,2,0.0,0.0,912.0,3716.20525,4115.20525,289,0,3,4704.205249999999
1187,0,"Barge33, Barge47, Train31",2,Request133,19,0,356,487,0.0,0.0,2,0.0,0.0,912.0,3765.8921499999997,4164.89215,288,0,4,4753.89215
1188,0,Train23,2,Request133,19,0,356,487,0.0,0.0,0,0.0,0.0,684.0,3085.91825,3769.91825,298,0,5,4890.918249999988
1189,0,"Barge33, Train27, Train31",2,Request133,19,0,356,487,0.0,0.0,2,0.0,0.0,1482.0,4889.14365,5288.14365,290,0,6,5877.143650000013
1190,0,"Barge33, Train28, Train33",2,Request133,19,0,356,487,0.0,0.0,2,0.0,0.0,1482.0,5022.14365,5421.14365,291,0,7,6010.143650000013
1191,0,"Train17, Train31",2,Request133,19,0,356,487,0.0,0.0,1,0.0,0.0,1368.0,4311.41825,4995.41825,294,0,8,6097.418249999988
1192,0,"Train18, Train31",2,Request133,19,0,356,487,0.0,0.0,1,0.0,0.0,1368.0,3855.41825,4539.41825,295,0,9,6097.418249999988
1193,0,"Train19, Train33",2,Request133,19,0,356,487,0.0,0.0,1,0.0,0.0,1368.0,4681.50975,5365.509750000001,296,0,10,6410.509749999997
1194,1,"Train24, Train31",2,Request134,25,1,397,548,25.0,0.0,1,25.0,0.0,1800.0,5235.95625,6760.956250000001,350,1,1,6760.956249999988
1195,1,"Train26, Train33",2,Request134,25,1,397,548,0.0,0.0,1,0.0,0.0,1800.0,5922.91875,6822.91875,352,1,2,7172.918750000012
1196,1,"Train26, Truck34",2,Request134,25,1,397,548,0.0,0.0,1,0.0,0.0,1800.0,10115.54375,11015.54375,796,1,3,11365.543750000012
1197,1,"Train24, Truck31",2,Request134,25,1,397,548,0.0,0.0,1,0.0,0.0,1800.0,10366.59375,11266.59375,794,1,4,11891.59375
1198,2,Train15,2,Request135,8,2,326,415,61.0,0.0,0,61.0,0.0,288.0,1257.42,2033.42,232,2,1,2033.4200000000128
1199,2,"Barge01, Train23",2,Request135,8,2,326,415,0.0,0.0,1,0.0,0.0,336.0,1650.7876,1818.7876,186,2,2,2446.7876000000106
1200,2,"Barge17, Train31",2,Request135,8,2,326,415,0.0,0.0,1,0.0,0.0,336.0,1875.0048,2043.0048,213,2,3,2587.004799999995
1201,2,"Barge19, Train31",2,Request135,8,2,326,415,0.0,0.0,1,0.0,0.0,336.0,1683.0048,1851.0048,215,2,4,2587.004799999995
1202,2,"Barge21, Train31",2,Request135,8,2,326,415,0.0,0.0,1,0.0,0.0,336.0,1491.0048,1659.0048,217,2,5,2587.004799999995
1203,2,"Barge20, Train31",2,Request135,8,2,326,415,0.0,0.0,1,0.0,0.0,336.0,1635.0048,1803.0048,216,2,6,2587.004799999995
1204,2,"Barge23, Train31",2,Request135,8,2,326,415,0.0,0.0,1,0.0,0.0,336.0,1251.0048,1419.0048,219,2,7,2587.004799999995
1205,2,"Barge22, Train31",2,Request135,8,2,326,415,0.0,0.0,1,0.0,0.0,336.0,1443.0048,1611.0048,218,2,8,2587.004799999995
1206,2,"Barge03, Barge47, Train31",2,Request135,8,2,326,415,0.0,0.0,2,0.0,0.0,384.0,1969.912,2137.9120000000003,189,2,9,2609.912000000011
1207,2,"Barge04, Barge47, Train31",2,Request135,8,2,326,415,0.0,0.0,2,0.0,0.0,384.0,1873.912,2041.912,193,2,10,2609.912000000011
1208,3,"Barge01, Barge39",2,Request136,8,3,386,440,3.0,0.0,1,3.0,0.0,96.0,257.8916,329.8916,80,3,1,329.89160000000265
1209,3,Barge31,2,Request136,8,3,386,440,0.0,0.0,0,0.0,0.0,48.0,126.7112,174.71120000000002,120,3,2,414.71119999999064
1210,3,"Barge07, Barge48, Truck32",2,Request136,8,3,386,440,0.0,0.0,2,0.0,0.0,384.0,545.3712,713.3712,463,3,3,721.3711999999941
1211,3,"Barge26, Barge49",2,Request136,8,3,386,440,0.0,0.0,1,0.0,0.0,96.0,337.8916,385.8916,119,3,4,789.8916000000027
1212,3,"Barge26, Truck32",2,Request136,8,3,386,440,0.0,0.0,1,0.0,0.0,336.0,381.9176,549.9176,483,3,5,805.9175999999861
1213,3,"Barge07, Barge48, Barge49",2,Request136,8,3,386,440,0.0,0.0,2,0.0,0.0,144.0,609.3452,657.3452,105,3,6,813.3452000000107
1214,3,"Barge21, Truck29",2,Request136,8,3,386,440,0.0,0.0,1,0.0,0.0,336.0,644.8848,812.8848,480,3,7,892.8847999999998
1215,3,"Barge22, Truck29",2,Request136,8,3,386,440,0.0,0.0,1,0.0,0.0,336.0,644.8848,812.8848,481,3,8,940.8847999999998
1216,3,"Barge01, Train21",2,Request136,8,3,386,440,0.0,0.0,1,0.0,0.0,336.0,796.5076,964.5076,85,3,9,988.5076000000117
1217,3,"Barge21, Train29",2,Request136,8,3,386,440,0.0,0.0,1,0.0,0.0,336.0,678.6388,846.6388,116,3,10,1002.6387999999861
1218,4,"Barge01, Barge39",2,Request137,27,4,338,408,51.0,11.5,1,51.0,11.5,324.0,870.38415,2719.88415,80,4,1,2719.884149999998
1219,4,"Barge17, Truck29",2,Request137,27,4,338,408,0.0,0.0,1,0.0,0.0,1134.0,2176.4862000000003,2743.4862000000003,476,4,2,3013.486200000014
1220,4,"Barge18, Truck29",2,Request137,27,4,338,408,0.0,0.0,1,0.0,0.0,1134.0,2176.4862000000003,2743.4862000000003,477,4,3,3175.486200000014
1221,4,Barge31,2,Request137,27,4,338,408,0.0,0.0,0,0.0,0.0,162.0,427.6503,589.6503,120,4,4,3370.6503000000084
1222,4,"Barge19, Truck29",2,Request137,27,4,338,408,0.0,0.0,1,0.0,0.0,1134.0,2176.4862000000003,2743.4862000000003,478,4,5,3661.486200000014
1223,4,"Barge20, Truck29",2,Request137,27,4,338,408,0.0,0.0,1,0.0,0.0,1134.0,2176.4862000000003,2743.4862000000003,479,4,6,3823.486200000014
1224,4,"Barge03, Barge48, Truck32",2,Request137,27,4,338,408,0.0,0.0,2,0.0,0.0,1296.0,3136.6278,3703.6278,431,4,7,4108.6277999999875
1225,4,"Barge04, Barge48, Truck32",2,Request137,27,4,338,408,0.0,0.0,2,0.0,0.0,1296.0,2812.6278,3379.6278,439,4,8,4108.6277999999875
1226,4,"Barge05, Barge48, Truck32",2,Request137,27,4,338,408,0.0,0.0,2,0.0,0.0,1296.0,2488.6278,3055.6278,447,4,9,4108.6277999999875
1227,4,"Barge06, Barge48, Truck32",2,Request137,27,4,338,408,0.0,0.0,2,0.0,0.0,1296.0,2164.6278,2731.6278,455,4,10,4108.6277999999875
1228,5,"Barge40, Barge47, Train31",2,Request138,26,5,338,401,3.0,60.0,2,3.0,60.0,1248.0,6353.7656,8537.765599999999,341,5,1,8537.765599999984
1229,5,"Barge41, Barge47, Train31",2,Request138,26,5,338,401,0.0,0.0,2,0.0,0.0,1248.0,5105.7656,5651.7656,345,5,2,8537.765600000013
1230,5,"Barge45, Train33",2,Request138,26,5,338,401,0.0,0.0,1,0.0,0.0,1092.0,5010.8850999999995,5556.8850999999995,349,5,3,8572.885100000014
1231,5,"Barge40, Barge48, Train33",2,Request138,26,5,338,401,0.0,0.0,2,0.0,0.0,1248.0,6285.773,6831.772999999999,342,5,4,8651.772999999986
1232,5,"Barge41, Barge48, Train33",2,Request138,26,5,338,401,0.0,0.0,2,0.0,0.0,1248.0,5037.773,5583.773,346,5,5,8651.772999999986
1233,5,"Barge40, Train27, Train31",2,Request138,26,5,338,401,0.0,0.0,2,0.0,0.0,2028.0,7890.8466,8436.8466,343,5,6,10074.84659999999
1234,5,"Barge41, Train27, Train31",2,Request138,26,5,338,401,0.0,0.0,2,0.0,0.0,2028.0,6642.8466,7188.8466,347,5,7,10074.84659999999
1235,5,"Train24, Train31",2,Request138,26,5,338,401,0.0,0.0,1,0.0,0.0,1872.0,5445.3945,6381.3945,350,5,8,10125.394499999995
1236,5,"Barge40, Train28, Train33",2,Request138,26,5,338,401,0.0,0.0,2,0.0,0.0,2028.0,8072.8466,8618.8466,344,5,9,10438.84659999999
1237,5,"Barge41, Train28, Train33",2,Request138,26,5,338,401,0.0,0.0,2,0.0,0.0,2028.0,6824.8466,7370.8466,348,5,10,10438.84659999999
1238,6,Barge38,2,Request139,9,6,404,551,44.0,0.0,0,44.0,0.0,54.0,96.43095,546.43095,252,6,1,546.430950000009
1239,7,"Barge01, Barge39",2,Request140,10,7,361,519,28.0,0.0,1,28.0,0.0,120.0,322.36449999999996,662.3644999999999,80,7,1,662.364499999996
1240,7,Barge31,2,Request140,10,7,361,519,0.0,0.0,0,0.0,0.0,60.0,158.389,218.389,120,7,2,768.3889999999956
1241,7,"Barge26, Barge49",2,Request140,10,7,361,519,0.0,0.0,1,0.0,0.0,120.0,422.36449999999996,482.36449999999996,119,7,3,1052.364499999996
1242,7,"Barge05, Barge48, Barge49",2,Request140,10,7,361,519,0.0,0.0,2,0.0,0.0,180.0,1001.6814999999999,1061.6815,97,7,4,1081.681500000006
1243,7,"Barge06, Barge48, Barge49",2,Request140,10,7,361,519,0.0,0.0,2,0.0,0.0,180.0,881.6814999999999,941.6814999999999,101,7,5,1081.681500000006
1244,7,"Barge07, Barge48, Barge49",2,Request140,10,7,361,519,0.0,0.0,2,0.0,0.0,180.0,761.6814999999999,821.6814999999999,105,7,6,1081.681500000006
1245,7,"Barge19, Truck29",2,Request140,10,7,361,519,0.0,0.0,1,0.0,0.0,420.0,806.106,1016.106,478,7,7,1126.1059999999998
1246,7,"Barge05, Barge48, Truck32",2,Request140,10,7,361,519,0.0,0.0,2,0.0,0.0,480.0,921.714,1131.714,447,7,8,1151.7140000000072
1247,7,"Barge06, Barge48, Truck32",2,Request140,10,7,361,519,0.0,0.0,2,0.0,0.0,480.0,801.714,1011.714,455,7,9,1151.7140000000072
1248,7,"Barge07, Barge48, Truck32",2,Request140,10,7,361,519,0.0,0.0,2,0.0,0.0,480.0,681.714,891.714,463,7,10,1151.7140000000072
1249,8,"Barge17, Truck30",2,Request141,17,8,331,479,17.0,0.0,1,17.0,0.0,714.0,1897.3632,2543.3632,556,8,1,2543.3631999999925
1250,8,"Barge18, Truck30",2,Request141,17,8,331,479,0.0,0.0,1,0.0,0.0,714.0,1897.3632,2254.3632,557,8,2,2645.3631999999925
1251,8,"Barge19, Truck30",2,Request141,17,8,331,479,0.0,0.0,1,0.0,0.0,714.0,1897.3632,2254.3632,558,8,3,2951.3631999999925
1252,8,"Barge20, Truck30",2,Request141,17,8,331,479,0.0,0.0,1,0.0,0.0,714.0,1897.3632,2254.3632,559,8,4,3053.3631999999925
1253,8,"Barge26, Train32",2,Request141,17,8,331,479,0.0,0.0,1,0.0,0.0,714.0,1217.6241499999999,1574.6241499999999,170,8,5,3053.6241499999887
1254,8,"Barge04, Barge48, Truck33",2,Request141,17,8,331,479,0.0,0.0,2,0.0,0.0,816.0,2377.2358,2734.2358,519,8,6,3074.235799999995
1255,8,"Barge06, Barge48, Truck33",2,Request141,17,8,331,479,0.0,0.0,2,0.0,0.0,816.0,1969.2358,2326.2358,535,8,7,3074.235799999995
1256,8,"Barge05, Barge48, Truck33",2,Request141,17,8,331,479,0.0,0.0,2,0.0,0.0,816.0,2173.2358,2530.2358,527,8,8,3074.235799999995
1257,8,"Barge07, Barge48, Truck33",2,Request141,17,8,331,479,0.0,0.0,2,0.0,0.0,816.0,1765.2358,2122.2358,543,8,9,3074.235799999995
1258,8,"Barge03, Barge48, Truck33",2,Request141,17,8,331,479,0.0,0.0,2,0.0,0.0,816.0,2581.2358,2938.2358,511,8,10,3074.235799999995
1259,9,"Barge01, Barge39",2,Request142,15,9,324,492,65.0,0.0,1,65.0,0.0,180.0,483.54675,1548.54675,80,9,1,1548.5467500000086
1260,9,Barge31,2,Request142,15,9,324,492,0.0,0.0,0,0.0,0.0,90.0,237.58350000000002,327.5835,120,9,2,1707.583500000008
1261,9,"Barge17, Truck29",2,Request142,15,9,324,492,0.0,0.0,1,0.0,0.0,630.0,1209.159,1524.159,476,9,3,1884.1590000000142
1262,9,"Barge18, Truck29",2,Request142,15,9,324,492,0.0,0.0,1,0.0,0.0,630.0,1209.159,1524.159,477,9,4,1974.1590000000142
1263,9,"Barge26, Barge49",2,Request142,15,9,324,492,0.0,0.0,1,0.0,0.0,180.0,633.54675,723.54675,119,9,5,2133.5467500000086
1264,9,"Barge03, Barge48, Barge49",2,Request142,15,9,324,492,0.0,0.0,2,0.0,0.0,270.0,1862.52225,1952.52225,89,9,6,2177.522250000009
1265,9,"Barge04, Barge48, Barge49",2,Request142,15,9,324,492,0.0,0.0,2,0.0,0.0,270.0,1682.52225,1772.52225,93,9,7,2177.522250000009
1266,9,"Barge05, Barge48, Barge49",2,Request142,15,9,324,492,0.0,0.0,2,0.0,0.0,270.0,1502.52225,1592.52225,97,9,8,2177.522250000009
1267,9,"Barge06, Barge48, Barge49",2,Request142,15,9,324,492,0.0,0.0,2,0.0,0.0,270.0,1322.52225,1412.52225,101,9,9,2177.522250000009
1268,9,"Barge07, Barge48, Barge49",2,Request142,15,9,324,492,0.0,0.0,2,0.0,0.0,270.0,1142.52225,1232.52225,105,9,10,2177.522250000009
1269,10,"Barge45, Train33",2,Request143,26,10,333,486,54.0,0.0,1,54.0,0.0,1092.0,5010.8850999999995,6960.8851,349,10,1,6960.885100000014
1270,10,"Barge40, Barge48, Train33",2,Request143,26,10,333,486,0.0,0.0,2,0.0,0.0,1248.0,6285.773,6831.772999999999,342,10,2,7039.7729999999865
1271,10,"Barge41, Barge48, Train33",2,Request143,26,10,333,486,0.0,0.0,2,0.0,0.0,1248.0,5037.773,5583.773,346,10,3,7039.7729999999865
1272,10,"Barge40, Train28, Train33",2,Request143,26,10,333,486,0.0,0.0,2,0.0,0.0,2028.0,8072.8466,8618.8466,344,10,4,8826.84659999999
1273,10,"Barge41, Train28, Train33",2,Request143,26,10,333,486,0.0,0.0,2,0.0,0.0,2028.0,6824.8466,7370.8466,348,10,5,8826.84659999999
1274,10,"Train25, Train33",2,Request143,26,10,333,486,0.0,0.0,1,0.0,0.0,1872.0,7407.835499999999,8343.8355,351,10,6,9123.835499999986
1275,10,"Train26, Train33",2,Request143,26,10,333,486,0.0,0.0,1,0.0,0.0,1872.0,6159.8355,7095.835499999999,352,10,7,9123.835499999986
1276,10,"Barge40, Truck26, Train33",2,Request143,26,10,333,486,0.0,0.0,2,0.0,0.0,2028.0,9546.5786,10092.5786,779,10,8,10300.578600000008
1277,10,"Barge41, Truck26, Train33",2,Request143,26,10,333,486,0.0,0.0,2,0.0,0.0,2028.0,8298.5786,8844.5786,787,10,9,10300.578600000008
1278,10,"Barge40, Truck26, Train33",2,Request143,26,10,333,486,0.0,0.0,2,0.0,0.0,2028.0,10326.5786,10872.5786,783,10,10,11080.578600000008
1279,11,"Barge01, Barge39",2,Request144,24,11,378,477,11.0,0.0,1,11.0,0.0,288.0,773.6748,1181.6748,80,11,1,1181.674800000008
1280,11,Barge31,2,Request144,24,11,378,477,0.0,0.0,0,0.0,0.0,144.0,380.1336,524.1336000000001,120,11,2,1436.133600000001
1281,11,"Barge26, Barge49",2,Request144,24,11,378,477,0.0,0.0,1,0.0,0.0,288.0,1013.6748,1157.6748,119,11,3,2117.674800000008
1282,11,"Barge07, Barge48, Barge49",2,Request144,24,11,378,477,0.0,0.0,2,0.0,0.0,432.0,1828.0356,1972.0356,105,11,4,2188.035600000003
1283,11,"Barge07, Barge48, Truck32",2,Request144,24,11,378,477,0.0,0.0,2,0.0,0.0,1152.0,1636.1136000000001,2140.1136,463,11,5,2356.1136000000115
1284,11,"Barge26, Truck32",2,Request144,24,11,378,477,0.0,0.0,1,0.0,0.0,1008.0,1145.7528,1649.7528,483,11,6,2609.7527999999875
1285,11,"Barge21, Truck29",2,Request144,24,11,378,477,0.0,0.0,1,0.0,0.0,1008.0,1934.6544000000001,2438.6544000000004,480,11,7,2870.6543999999994
1286,11,"Barge21, Train29",2,Request144,24,11,378,477,0.0,0.0,1,0.0,0.0,1008.0,2035.9163999999998,2539.9164,116,11,8,2971.9163999999873
1287,11,"Barge22, Train29",2,Request144,24,11,378,477,0.0,0.0,1,0.0,0.0,1008.0,1891.9163999999998,2395.9164,117,11,9,2971.9163999999873
1288,11,"Barge23, Train29",2,Request144,24,11,378,477,0.0,0.0,1,0.0,0.0,1008.0,1315.9164,1819.9163999999998,118,11,10,2971.9163999999873
1289,12,Barge31,2,Request145,5,12,400,546,16.0,0.0,0,16.0,0.0,30.0,79.1945,189.1945,120,12,1,189.19450000001234
1290,12,"Barge26, Barge49",2,Request145,5,12,400,546,0.0,0.0,1,0.0,0.0,60.0,211.18224999999998,241.18224999999998,119,12,2,331.1822500000126
1291,12,"Barge26, Truck32",2,Request145,5,12,400,546,0.0,0.0,1,0.0,0.0,210.0,238.6985,343.69849999999997,483,12,3,433.6984999999986
1292,12,"Barge22, Train29",2,Request145,5,12,400,546,0.0,0.0,1,0.0,0.0,210.0,394.14924999999994,499.14924999999994,117,12,4,509.14924999998766
1293,12,"Barge23, Train29",2,Request145,5,12,400,546,0.0,0.0,1,0.0,0.0,210.0,274.14925,379.14924999999994,118,12,5,509.14924999998766
1294,12,"Barge22, Truck29",2,Request145,5,12,400,546,0.0,0.0,1,0.0,0.0,210.0,403.053,508.053,481,12,6,518.0530000000144
1295,12,"Barge09, Barge47, Train29",2,Request145,5,12,400,546,0.0,0.0,2,0.0,0.0,240.0,363.46625000000006,468.46625000000006,111,12,7,523.4662499999977
1296,12,"Barge23, Truck29",2,Request145,5,12,400,546,0.0,0.0,1,0.0,0.0,210.0,403.053,508.053,482,12,8,638.0530000000144
1297,12,"Barge09, Barge47, Truck29",2,Request145,5,12,400,546,0.0,0.0,2,0.0,0.0,240.0,509.87,614.87,475,12,9,669.8699999999953
1298,12,Train13,2,Request145,5,12,400,546,0.0,0.0,0,0.0,0.0,180.0,261.9625,441.9625,130,12,10,671.9624999999942
1299,13,"Barge01, Barge39",2,Request146,27,13,388,509,1.0,0.0,1,1.0,0.0,324.0,870.38415,1059.3841499999999,80,13,1,1059.384149999998
1300,13,Barge31,2,Request146,27,13,388,509,0.0,0.0,0,0.0,0.0,162.0,427.6503,589.6503,120,13,2,1345.6503000000084
1301,13,"Barge26, Barge49",2,Request146,27,13,388,509,0.0,0.0,1,0.0,0.0,324.0,1140.3841499999999,1302.3841499999999,119,13,3,2112.384149999998
1302,13,"Barge26, Truck32",2,Request146,27,13,388,509,0.0,0.0,1,0.0,0.0,1134.0,1288.9719,1855.9719,483,13,4,2665.971900000004
1303,13,"Barge21, Truck29",2,Request146,27,13,388,509,0.0,0.0,1,0.0,0.0,1134.0,2176.4862000000003,2743.4862000000003,480,13,5,2959.486200000014
1304,13,"Barge21, Train29",2,Request146,27,13,388,509,0.0,0.0,1,0.0,0.0,1134.0,2290.40595,2857.40595,116,13,6,3073.4059499999858
1305,13,"Barge22, Train29",2,Request146,27,13,388,509,0.0,0.0,1,0.0,0.0,1134.0,2128.40595,2695.40595,117,13,7,3073.4059499999858
1306,13,"Barge23, Train29",2,Request146,27,13,388,509,0.0,0.0,1,0.0,0.0,1134.0,1480.40595,2047.4059499999998,118,13,8,3073.4059499999858
1307,13,"Barge22, Truck29",2,Request146,27,13,388,509,0.0,0.0,1,0.0,0.0,1134.0,2176.4862000000003,2743.4862000000003,481,13,9,3121.486200000014
1308,13,"Barge08, Barge47, Train29",2,Request146,27,13,388,509,0.0,0.0,2,0.0,0.0,1296.0,2286.7177500000003,2853.7177500000003,108,13,10,3150.7177500000107
1309,14,"Barge03, Barge48",2,Request147,29,14,324,399,15.0,20.0,1,15.0,20.0,348.0,2373.3280999999997,3562.3280999999997,58,14,1,3562.3281000000134
1310,14,"Barge04, Barge48",2,Request147,29,14,324,399,0.0,0.0,1,0.0,0.0,348.0,2025.3281,2199.3280999999997,60,14,2,3562.3281000000134
1311,14,"Barge05, Barge48",2,Request147,29,14,324,399,0.0,0.0,1,0.0,0.0,348.0,1677.3281000000002,1851.3281000000002,62,14,3,3562.3281000000134
1312,14,"Barge06, Barge48",2,Request147,29,14,324,399,0.0,0.0,1,0.0,0.0,348.0,1329.3281000000002,1503.3281000000002,64,14,4,3562.3281000000134
1313,14,"Barge07, Barge48",2,Request147,29,14,324,399,0.0,0.0,1,0.0,0.0,348.0,981.3281000000001,1155.3281000000002,66,14,5,3562.3281000000134
1314,14,Barge26,2,Request147,29,14,324,399,0.0,0.0,0,0.0,0.0,174.0,432.30879999999996,606.3088,69,14,6,4347.308799999999
1315,14,Train09,2,Request147,29,14,324,399,0.0,0.0,0,0.0,0.0,1044.0,1823.259,2867.2590000000005,71,14,7,4404.258999999991
1316,14,"Barge03, Truck26",2,Request147,29,14,324,399,0.0,0.0,1,0.0,0.0,1218.0,3933.9804999999997,4542.9805,400,14,8,4977.980500000005
1317,14,"Barge03, Train28",2,Request147,29,14,324,399,0.0,0.0,1,0.0,0.0,1218.0,3873.6025,4482.6025,59,14,9,5439.602500000008
1318,14,"Barge04, Train28",2,Request147,29,14,324,399,0.0,0.0,1,0.0,0.0,1218.0,3525.6025,4134.6025,61,14,10,5439.602500000008
1319,15,"Barge01, Barge39",2,Request148,14,15,342,465,47.0,0.0,1,47.0,0.0,168.0,451.3103,1193.3102999999999,80,15,1,1193.310300000012
1320,15,Barge31,2,Request148,14,15,342,465,0.0,0.0,0,0.0,0.0,84.0,221.74460000000002,305.74460000000005,120,15,2,1341.7446000000054
1321,15,"Barge17, Truck29",2,Request148,14,15,342,465,0.0,0.0,1,0.0,0.0,588.0,1128.5484000000001,1422.5484000000001,476,15,3,1506.5483999999997
1322,15,"Barge18, Truck29",2,Request148,14,15,342,465,0.0,0.0,1,0.0,0.0,588.0,1128.5484000000001,1422.5484000000001,477,15,4,1590.5483999999997
1323,15,"Barge26, Barge49",2,Request148,14,15,342,465,0.0,0.0,1,0.0,0.0,168.0,591.3103,675.3103,119,15,5,1739.310300000012
1324,15,"Barge04, Barge48, Barge49",2,Request148,14,15,342,465,0.0,0.0,2,0.0,0.0,252.0,1570.3541,1654.3541,93,15,6,1780.3540999999968
1325,15,"Barge05, Barge48, Barge49",2,Request148,14,15,342,465,0.0,0.0,2,0.0,0.0,252.0,1402.3541,1486.3541,97,15,7,1780.3540999999968
1326,15,"Barge06, Barge48, Barge49",2,Request148,14,15,342,465,0.0,0.0,2,0.0,0.0,252.0,1234.3541,1318.3541,101,15,8,1780.3540999999968
1327,15,"Barge07, Barge48, Barge49",2,Request148,14,15,342,465,0.0,0.0,2,0.0,0.0,252.0,1066.3541,1150.3541,105,15,9,1780.3540999999968
1328,15,"Barge19, Truck29",2,Request148,14,15,342,465,0.0,0.0,1,0.0,0.0,588.0,1128.5484000000001,1422.5484000000001,478,15,10,1842.5483999999997
1329,16,"Barge19, Truck30",2,Request149,13,16,354,504,18.0,0.0,1,18.0,0.0,546.0,1450.9248,1957.9248,558,16,1,1957.924800000008
1330,16,"Barge05, Barge48, Train32",2,Request149,13,16,354,504,0.0,0.0,2,0.0,0.0,624.0,1684.2364499999999,1957.2364499999999,148,16,2,2074.2364499999967
1331,16,"Barge06, Barge48, Train32",2,Request149,13,16,354,504,0.0,0.0,2,0.0,0.0,624.0,1528.23645,1801.2364499999999,152,16,3,2074.2364499999967
1332,16,"Barge07, Barge48, Train32",2,Request149,13,16,354,504,0.0,0.0,2,0.0,0.0,624.0,1372.23645,1645.23645,156,16,4,2074.2364499999967
1333,16,"Barge05, Barge47, Train30",2,Request149,13,16,354,504,0.0,0.0,2,0.0,0.0,624.0,1718.2327500000001,1991.2327500000001,147,16,5,2108.2327499999956
1334,16,"Barge06, Barge47, Train30",2,Request149,13,16,354,504,0.0,0.0,2,0.0,0.0,624.0,1562.2327500000001,1835.2327500000001,151,16,6,2108.2327499999956
1335,16,"Barge07, Barge47, Train30",2,Request149,13,16,354,504,0.0,0.0,2,0.0,0.0,624.0,1406.2327500000001,1679.2327500000001,155,16,7,2108.2327499999956
1336,16,"Barge08, Barge47, Train30",2,Request149,13,16,354,504,0.0,0.0,2,0.0,0.0,624.0,1250.2327500000001,1523.2327500000001,159,16,8,2108.2327499999956
1337,16,"Barge09, Barge47, Train30",2,Request149,13,16,354,504,0.0,0.0,2,0.0,0.0,624.0,1094.2327500000001,1367.2327500000001,162,16,9,2108.2327499999956
1338,16,"Barge01, Barge36, Train30",2,Request149,13,16,354,504,0.0,0.0,2,0.0,0.0,624.0,1380.6767,1653.6767,131,16,10,2108.676700000011
1339,17,"Barge19, Truck30",2,Request150,6,17,361,506,11.0,0.0,1,11.0,0.0,252.0,669.6576,861.6576,558,17,1,861.6576000000059
1340,17,"Barge05, Barge48, Train32",2,Request150,6,17,361,506,0.0,0.0,2,0.0,0.0,288.0,777.3399,903.3399,148,17,2,915.3398999999918
1341,17,"Barge06, Barge48, Train32",2,Request150,6,17,361,506,0.0,0.0,2,0.0,0.0,288.0,705.3399000000001,831.3399,152,17,3,915.3398999999918
1342,17,"Barge07, Barge48, Train32",2,Request150,6,17,361,506,0.0,0.0,2,0.0,0.0,288.0,633.3399000000001,759.3399000000001,156,17,4,915.3398999999918
1343,17,"Barge05, Barge47, Train30",2,Request150,6,17,361,506,0.0,0.0,2,0.0,0.0,288.0,793.0305000000001,919.0305000000001,147,17,5,931.0304999999935
1344,17,"Barge06, Barge47, Train30",2,Request150,6,17,361,506,0.0,0.0,2,0.0,0.0,288.0,721.0305000000001,847.0305000000001,151,17,6,931.0304999999935
1345,17,"Barge07, Barge47, Train30",2,Request150,6,17,361,506,0.0,0.0,2,0.0,0.0,288.0,649.0305000000001,775.0305000000001,155,17,7,931.0304999999935
1346,17,"Barge08, Barge47, Train30",2,Request150,6,17,361,506,0.0,0.0,2,0.0,0.0,288.0,577.0305000000001,703.0305000000001,159,17,8,931.0304999999935
1347,17,"Barge09, Barge47, Train30",2,Request150,6,17,361,506,0.0,0.0,2,0.0,0.0,288.0,505.0305,631.0305000000001,162,17,9,931.0304999999935
1348,17,"Barge01, Barge36, Train30",2,Request150,6,17,361,506,0.0,0.0,2,0.0,0.0,288.0,637.2354,763.2354,131,17,10,931.235400000005
1349,18,Barge45,2,Request151,11,18,323,484,64.0,0.0,0,64.0,0.0,66.0,158.85485,928.8548499999999,313,18,1,928.8548500000034
1350,18,"Barge40, Barge48",2,Request151,11,18,323,484,0.0,0.0,1,0.0,0.0,132.0,879.7305,945.7305,309,18,2,1143.7305000000051
1351,18,"Barge41, Barge48",2,Request151,11,18,323,484,0.0,0.0,1,0.0,0.0,132.0,351.7305,417.73049999999995,311,18,3,1143.7305000000051
1352,18,Train25,2,Request151,11,18,323,484,0.0,0.0,0,0.0,0.0,396.0,633.94925,1029.94925,314,18,4,1469.9492500000051
1353,18,"Barge40, Train28",2,Request151,11,18,323,484,0.0,0.0,1,0.0,0.0,462.0,1448.8001000000002,1679.8001000000002,310,18,5,1877.800099999993
1354,18,"Barge41, Train28",2,Request151,11,18,323,484,0.0,0.0,1,0.0,0.0,462.0,920.8001,1151.8001000000002,312,18,6,1877.800099999993
1355,18,"Barge40, Truck26",2,Request151,11,18,323,484,0.0,0.0,1,0.0,0.0,462.0,1471.7021,1702.7021,733,18,7,1900.702099999995
1356,18,Train26,2,Request151,11,18,323,484,0.0,0.0,0,0.0,0.0,396.0,633.94925,1029.94925,315,18,8,1997.9492500000051
1357,18,"Barge40, Truck26",2,Request151,11,18,323,484,0.0,0.0,1,0.0,0.0,462.0,1636.7021,1867.7021,734,18,9,2065.702099999995
1358,18,"Barge41, Truck26",2,Request151,11,18,323,484,0.0,0.0,1,0.0,0.0,462.0,1471.7021,1702.7021,735,18,10,2428.702099999995
1359,19,Barge17,2,Request152,28,19,327,392,21.0,0.0,0,21.0,0.0,168.0,339.1388,1095.1388,37,19,1,1095.138799999986
1360,19,Barge18,2,Request152,28,19,327,392,0.0,0.0,0,0.0,0.0,168.0,339.1388,507.13879999999995,38,19,2,1263.138799999986
1361,19,Barge19,2,Request152,28,19,327,392,0.0,0.0,0,0.0,0.0,168.0,339.1388,507.13879999999995,39,19,3,1767.138799999986
1362,19,Barge20,2,Request152,28,19,327,392,0.0,0.0,0,0.0,0.0,168.0,339.1388,507.13879999999995,40,19,4,1935.138799999986
1363,19,Train03,2,Request152,28,19,327,392,0.0,0.0,0,0.0,0.0,1008.0,1173.592,2181.592,48,19,5,2685.592000000004
1364,19,Train01,2,Request152,28,19,327,392,0.0,0.0,0,0.0,0.0,1008.0,1173.592,2181.592,46,19,6,2881.592000000004
1365,19,Barge21,2,Request152,28,19,327,392,0.0,0.0,0,0.0,0.0,168.0,339.1388,507.13879999999995,41,19,7,2915.138799999986
1366,19,Barge22,2,Request152,28,19,327,392,0.0,0.0,0,0.0,0.0,168.0,339.1388,507.13879999999995,42,19,8,3251.138799999986
1367,19,Train04,2,Request152,28,19,327,392,0.0,0.0,0,0.0,0.0,1008.0,1173.592,2181.592,49,19,9,3357.592000000004
1368,19,Train02,2,Request152,28,19,327,392,0.0,0.0,0,0.0,0.0,1008.0,1173.592,2181.592,47,19,10,3553.592000000004
1369,20,"Barge07, Barge48",2,Request153,7,20,385,513,2.0,0.0,1,2.0,0.0,84.0,236.87230000000002,292.8723,66,20,1,292.8722999999882
1370,20,Barge26,2,Request153,7,20,385,513,0.0,0.0,0,0.0,0.0,42.0,104.3504,146.3504,69,20,2,377.3503999999957
1371,20,Barge27,2,Request153,7,20,385,513,0.0,0.0,0,0.0,0.0,42.0,104.3504,146.3504,70,20,3,517.3503999999957
1372,20,"Barge01, Barge37",2,Request153,7,20,385,513,0.0,0.0,1,0.0,0.0,84.0,478.13325,520.13325,54,20,4,548.1332500000135
1373,20,"Barge07, Train28",2,Request153,7,20,385,513,0.0,0.0,1,0.0,0.0,294.0,599.0075,746.0075,67,20,5,760.007500000007
1374,20,"Barge08, Train28",2,Request153,7,20,385,513,0.0,0.0,1,0.0,0.0,294.0,515.0075,662.0075,68,20,6,760.007500000007
1375,20,"Barge02, Train26",2,Request153,7,20,385,513,0.0,0.0,1,0.0,0.0,294.0,682.227,829.227,57,20,7,857.2270000000135
1376,20,Train10,2,Request153,7,20,385,513,0.0,0.0,0,0.0,0.0,252.0,440.09700000000004,692.0970000000001,72,20,8,874.0970000000088
1377,20,"Barge01, Train19",2,Request153,7,20,385,513,0.0,0.0,1,0.0,0.0,294.0,756.29365,903.2936499999998,55,20,9,931.2936500000069
1378,20,Train11,2,Request153,7,20,385,513,0.0,0.0,0,0.0,0.0,252.0,440.09700000000004,692.0970000000001,73,20,10,1042.0970000000088
1379,21,"Barge19, Truck30",2,Request154,12,21,360,489,12.0,0.0,1,12.0,0.0,504.0,1339.3152,1735.3152,558,21,1,1735.3152000000118
1380,21,"Barge05, Barge48, Train32",2,Request154,12,21,360,489,0.0,0.0,2,0.0,0.0,576.0,1554.6798,1806.6798,148,21,2,1842.6798000000126
1381,21,"Barge06, Barge48, Train32",2,Request154,12,21,360,489,0.0,0.0,2,0.0,0.0,576.0,1410.6798000000001,1662.6798,152,21,3,1842.6798000000126
1382,21,"Barge07, Barge48, Train32",2,Request154,12,21,360,489,0.0,0.0,2,0.0,0.0,576.0,1266.6798000000001,1518.6798000000001,156,21,4,1842.6798000000126
1383,21,"Barge05, Barge47, Train30",2,Request154,12,21,360,489,0.0,0.0,2,0.0,0.0,576.0,1586.0610000000001,1838.0610000000001,147,21,5,1874.060999999987
1384,21,"Barge06, Barge47, Train30",2,Request154,12,21,360,489,0.0,0.0,2,0.0,0.0,576.0,1442.0610000000001,1694.0610000000001,151,21,6,1874.060999999987
1385,21,"Barge07, Barge47, Train30",2,Request154,12,21,360,489,0.0,0.0,2,0.0,0.0,576.0,1298.0610000000001,1550.0610000000001,155,21,7,1874.060999999987
1386,21,"Barge08, Barge47, Train30",2,Request154,12,21,360,489,0.0,0.0,2,0.0,0.0,576.0,1154.0610000000001,1406.0610000000001,159,21,8,1874.060999999987
1387,21,"Barge09, Barge47, Train30",2,Request154,12,21,360,489,0.0,0.0,2,0.0,0.0,576.0,1010.061,1262.0610000000001,162,21,9,1874.060999999987
1388,21,"Barge01, Barge36, Train30",2,Request154,12,21,360,489,0.0,0.0,2,0.0,0.0,576.0,1274.4708,1526.4708,131,21,10,1874.47080000001
1389,22,Barge21,2,Request155,29,22,387,458,9.0,0.0,0,9.0,0.0,174.0,351.2509,786.2509,41,22,1,786.2509000000136
1390,22,Barge22,2,Request155,29,22,387,458,0.0,0.0,0,0.0,0.0,174.0,351.2509,525.2509,42,22,2,960.2509000000136
1391,22,"Barge01, Barge36",2,Request155,29,22,387,458,0.0,0.0,1,0.0,0.0,348.0,1087.7798500000001,1261.7798500000001,18,22,3,1319.7798499999917
1392,22,Barge23,2,Request155,29,22,387,458,0.0,0.0,0,0.0,0.0,174.0,351.2509,525.2509,43,22,4,1656.2509000000136
1393,22,"Barge08, Barge47",2,Request155,29,22,387,458,0.0,0.0,1,0.0,0.0,348.0,1275.2894999999999,1449.2894999999999,34,22,5,1797.2895000000135
1394,22,"Barge09, Barge47",2,Request155,29,22,387,458,0.0,0.0,1,0.0,0.0,348.0,927.2895,1101.2894999999999,36,22,6,1797.2895000000135
1395,22,Barge24,2,Request155,29,22,387,458,0.0,0.0,0,0.0,0.0,174.0,351.2509,525.2509,44,22,7,1830.2509000000136
1396,22,"Barge02, Barge43",2,Request155,29,22,387,458,0.0,0.0,1,0.0,0.0,348.0,1713.26055,1887.26055,21,22,8,1945.2605500000063
1397,22,Train05,2,Request155,29,22,387,458,0.0,0.0,0,0.0,0.0,1044.0,1215.506,2259.506,50,22,9,2433.505999999994
1398,22,"Barge08, Train27",2,Request155,29,22,387,458,0.0,0.0,1,0.0,0.0,1218.0,1771.726,2380.7259999999997,35,22,10,2728.725999999995
1399,23,"Barge26, Train33",2,Request156,14,23,401,468,17.0,0.0,1,17.0,0.0,588.0,2263.6908000000003,2795.6908000000003,221,23,1,2795.690800000011
1400,23,"Barge22, Train31",2,Request156,14,23,401,468,0.0,0.0,1,0.0,0.0,588.0,2525.2583999999997,2819.2583999999997,218,23,2,2833.2583999999915
1401,23,"Barge23, Train31",2,Request156,14,23,401,468,0.0,0.0,1,0.0,0.0,588.0,2189.2583999999997,2483.2583999999997,219,23,3,2833.2583999999915
1402,23,"Barge24, Train31",2,Request156,14,23,401,468,0.0,0.0,1,0.0,0.0,588.0,2105.2583999999997,2399.2583999999997,220,23,4,2833.2583999999915
1403,23,"Barge09, Barge47, Train31",2,Request156,14,23,401,468,0.0,0.0,2,0.0,0.0,672.0,2439.346,2733.346,212,23,5,2873.3459999999905
1404,23,Train16,2,Request156,14,23,401,468,0.0,0.0,0,0.0,0.0,504.0,2200.485,2704.485,233,23,6,3180.484999999986
1405,23,"Train06, Train31",2,Request156,14,23,401,468,0.0,0.0,1,0.0,0.0,1008.0,3068.485,3572.485,227,23,7,3796.484999999986
1406,23,"Train07, Train31",2,Request156,14,23,401,468,0.0,0.0,1,0.0,0.0,1008.0,2732.485,3236.485,228,23,8,3796.484999999986
1407,23,"Train10, Train33",2,Request156,14,23,401,468,0.0,0.0,1,0.0,0.0,1008.0,3383.184,3887.184,230,23,9,4027.1840000000084
1408,23,"Train11, Train33",2,Request156,14,23,401,468,0.0,0.0,1,0.0,0.0,1008.0,3047.184,3551.184,231,23,10,4027.1840000000084
1409,24,"Barge01, Barge39",2,Request157,5,24,358,504,31.0,0.0,1,31.0,0.0,60.0,161.18224999999998,346.18224999999995,80,24,1,346.1822500000126
1410,24,Barge31,2,Request157,5,24,358,504,0.0,0.0,0,0.0,0.0,30.0,79.1945,109.1945,120,24,2,399.19450000001234
1411,24,"Barge26, Barge49",2,Request157,5,24,358,504,0.0,0.0,1,0.0,0.0,60.0,211.18224999999998,241.18224999999998,119,24,3,541.1822500000126
1412,24,"Barge05, Barge48, Barge49",2,Request157,5,24,358,504,0.0,0.0,2,0.0,0.0,90.0,500.84074999999996,530.84075,97,24,4,555.840750000003
1413,24,"Barge06, Barge48, Barge49",2,Request157,5,24,358,504,0.0,0.0,2,0.0,0.0,90.0,440.84074999999996,470.84074999999996,101,24,5,555.840750000003
1414,24,"Barge07, Barge48, Barge49",2,Request157,5,24,358,504,0.0,0.0,2,0.0,0.0,90.0,380.84074999999996,410.84074999999996,105,24,6,555.840750000003
1415,24,"Barge19, Truck29",2,Request157,5,24,358,504,0.0,0.0,1,0.0,0.0,210.0,403.053,508.053,478,24,7,578.0530000000144
1416,24,"Barge06, Barge48, Truck32",2,Request157,5,24,358,504,0.0,0.0,2,0.0,0.0,240.0,400.857,505.857,455,24,8,590.8569999999891
1417,24,"Barge05, Barge48, Truck32",2,Request157,5,24,358,504,0.0,0.0,2,0.0,0.0,240.0,460.857,565.857,447,24,9,590.8569999999891
1418,24,"Barge07, Barge48, Truck32",2,Request157,5,24,358,504,0.0,0.0,2,0.0,0.0,240.0,340.857,445.857,463,24,10,590.8569999999891
1419,25,"Barge01, Barge39",2,Request158,13,25,360,488,29.0,0.0,1,29.0,0.0,156.0,419.07385,874.0738499999999,80,25,1,874.0738499999861
1420,25,Barge31,2,Request158,13,25,360,488,0.0,0.0,0,0.0,0.0,78.0,205.9057,283.9057,120,25,2,1011.905700000003
1421,25,"Barge26, Barge49",2,Request158,13,25,360,488,0.0,0.0,1,0.0,0.0,156.0,549.07385,627.07385,119,25,3,1381.0738499999861
1422,25,"Barge05, Barge48, Barge49",2,Request158,13,25,360,488,0.0,0.0,2,0.0,0.0,234.0,1302.18595,1380.18595,97,25,4,1419.1859500000137
1423,25,"Barge06, Barge48, Barge49",2,Request158,13,25,360,488,0.0,0.0,2,0.0,0.0,234.0,1146.18595,1224.18595,101,25,5,1419.1859500000137
1424,25,"Barge07, Barge48, Barge49",2,Request158,13,25,360,488,0.0,0.0,2,0.0,0.0,234.0,990.1859499999999,1068.18595,105,25,6,1419.1859500000137
1425,25,"Barge19, Truck29",2,Request158,13,25,360,488,0.0,0.0,1,0.0,0.0,546.0,1047.9378000000002,1320.9378000000002,478,25,7,1476.9378000000142
1426,25,"Barge06, Barge48, Truck32",2,Request158,13,25,360,488,0.0,0.0,2,0.0,0.0,624.0,1042.2282,1315.2282,455,25,8,1510.2282000000123
1427,25,"Barge05, Barge48, Truck32",2,Request158,13,25,360,488,0.0,0.0,2,0.0,0.0,624.0,1198.2282,1471.2282,447,25,9,1510.2282000000123
1428,25,"Barge07, Barge48, Truck32",2,Request158,13,25,360,488,0.0,0.0,2,0.0,0.0,624.0,886.2282,1159.2282,463,25,10,1510.2282000000123
1429,26,Barge26,2,Request159,24,26,392,478,26.0,0.0,0,26.0,0.0,144.0,357.77279999999996,1125.7728000000002,69,26,1,1125.772800000006
1430,26,Barge27,2,Request159,24,26,392,478,0.0,0.0,0,0.0,0.0,144.0,357.77279999999996,501.77279999999996,70,26,2,1605.772800000006
1431,26,"Barge08, Train28",2,Request159,24,26,392,478,0.0,0.0,1,0.0,0.0,1008.0,1765.7400000000002,2269.7400000000002,68,26,3,2437.7399999999907
1432,26,Train10,2,Request159,24,26,392,478,0.0,0.0,0,0.0,0.0,864.0,1508.904,2372.9040000000005,72,26,4,2828.9040000000095
1433,26,Train11,2,Request159,24,26,392,478,0.0,0.0,0,0.0,0.0,864.0,1508.904,2372.9040000000005,73,26,5,3404.9040000000095
1434,26,Train12,2,Request159,24,26,392,478,0.0,0.0,0,0.0,0.0,864.0,1508.904,2372.9040000000005,74,26,6,3740.9040000000095
1435,26,"Barge08, Truck26",2,Request159,24,26,392,478,0.0,0.0,1,0.0,0.0,1008.0,3615.7079999999996,4119.708,410,26,7,4287.708000000013
1436,27,Barge17,2,Request160,25,27,346,441,2.0,0.0,0,2.0,0.0,150.0,302.8025,502.80249999999995,37,27,1,502.8024999999907
1437,27,Barge18,2,Request160,25,27,346,441,0.0,0.0,0,0.0,0.0,150.0,302.8025,452.80249999999995,38,27,2,652.8024999999907
1438,27,Barge19,2,Request160,25,27,346,441,0.0,0.0,0,0.0,0.0,150.0,302.8025,452.80249999999995,39,27,3,1102.8024999999907
1439,27,Barge20,2,Request160,25,27,346,441,0.0,0.0,0,0.0,0.0,150.0,302.8025,452.80249999999995,40,27,4,1252.8024999999907
1440,27,Barge21,2,Request160,25,27,346,441,0.0,0.0,0,0.0,0.0,150.0,302.8025,452.80249999999995,41,27,5,1702.8024999999907
1441,27,Barge22,2,Request160,25,27,346,441,0.0,0.0,0,0.0,0.0,150.0,302.8025,452.80249999999995,42,27,6,1852.8024999999907
1442,27,Train01,2,Request160,25,27,346,441,0.0,0.0,0,0.0,0.0,900.0,1047.8500000000001,1947.8500000000001,46,27,7,2097.850000000006
1443,27,Barge23,2,Request160,25,27,346,441,0.0,0.0,0,0.0,0.0,150.0,302.8025,452.80249999999995,43,27,8,2452.8024999999907
1444,27,Train04,2,Request160,25,27,346,441,0.0,0.0,0,0.0,0.0,900.0,1047.8500000000001,1947.8500000000001,49,27,9,2522.850000000006
1445,27,"Barge04, Barge47",2,Request160,25,27,346,441,0.0,0.0,1,0.0,0.0,300.0,2299.3875,2449.3875,26,27,10,2574.3875000000116
1446,28,"Barge35, Truck29",2,Request161,19,28,335,395,28.0,0.0,1,28.0,0.0,798.0,1540.45255,2471.45255,679,28,1,2471.4525499999872
1447,28,"Barge32, Barge48, Truck32",2,Request161,19,28,335,395,0.0,0.0,2,0.0,0.0,912.0,2206.60775,2605.60775,666,28,2,3194.6077499999956
1448,28,"Barge33, Barge48, Truck32",2,Request161,19,28,335,395,0.0,0.0,2,0.0,0.0,912.0,1294.60775,1693.60775,674,28,3,3194.6077499999956
1449,28,Train21,2,Request161,19,28,335,395,0.0,0.0,0,0.0,0.0,684.0,1095.00325,1779.00325,268,28,4,3707.503250000009
1450,28,"Barge32, Barge48, Barge49",2,Request161,19,28,335,395,0.0,0.0,2,0.0,0.0,342.0,2358.546,2472.5460000000003,254,28,5,3755.046000000002
1451,28,"Barge33, Barge48, Barge49",2,Request161,19,28,335,395,0.0,0.0,2,0.0,0.0,342.0,1446.546,1560.546,258,28,6,3755.046000000002
1452,28,"Barge36, Truck29",2,Request161,19,28,335,395,0.0,0.0,1,0.0,0.0,798.0,1540.45255,1939.45255,680,28,7,4059.8525499999814
1453,28,"Barge35, Train29",2,Request161,19,28,335,395,0.0,0.0,1,0.0,0.0,798.0,2238.1183,2637.1183,261,28,8,4204.618300000002
1454,28,"Barge36, Train29",2,Request161,19,28,335,395,0.0,0.0,1,0.0,0.0,798.0,1326.1182999999999,1725.1182999999999,262,28,9,4204.618300000002
1455,28,"Barge32, Barge47, Train29",2,Request161,19,28,335,395,0.0,0.0,2,0.0,0.0,912.0,2748.5229,3147.5229,253,28,10,4259.022900000011
1456,29,Barge21,2,Request162,27,29,387,466,9.0,0.0,0,9.0,0.0,162.0,327.0267,732.0266999999999,41,29,1,732.0266999999876
1457,29,Barge22,2,Request162,27,29,387,466,0.0,0.0,0,0.0,0.0,162.0,327.0267,489.02669999999995,42,29,2,894.0266999999876
1458,29,Barge23,2,Request162,27,29,387,466,0.0,0.0,0,0.0,0.0,162.0,327.0267,489.02669999999995,43,29,3,1542.0266999999876
1459,29,"Barge08, Barge47",2,Request162,27,29,387,466,0.0,0.0,1,0.0,0.0,324.0,1187.3384999999998,1349.3384999999998,34,29,4,1673.3385000000126
1460,29,"Barge09, Barge47",2,Request162,27,29,387,466,0.0,0.0,1,0.0,0.0,324.0,863.3385,1025.3384999999998,36,29,5,1673.3385000000126
1461,29,Barge24,2,Request162,27,29,387,466,0.0,0.0,0,0.0,0.0,162.0,327.0267,489.02669999999995,44,29,6,1704.0266999999876
1462,29,"Barge02, Barge43",2,Request162,27,29,387,466,0.0,0.0,1,0.0,0.0,324.0,1595.10465,1757.10465,21,29,7,1811.1046499999939
1463,29,Train05,2,Request162,27,29,387,466,0.0,0.0,0,0.0,0.0,972.0,1131.678,2103.678,50,29,8,2265.6780000000144
1464,29,Barge25,2,Request162,27,29,387,466,0.0,0.0,0,0.0,0.0,162.0,327.0267,489.02669999999995,45,29,9,2433.0266999999876
1465,29,"Barge08, Train27",2,Request162,27,29,387,466,0.0,0.0,1,0.0,0.0,1134.0,1649.538,2216.538,35,29,10,2540.5380000000005
1466,30,Barge45,2,Request163,25,30,381,518,6.0,0.0,0,6.0,0.0,150.0,361.03375,661.03375,313,30,1,661.0337500000023
1467,30,"Barge41, Barge48",2,Request163,25,30,381,518,0.0,0.0,1,0.0,0.0,300.0,799.3875,949.3874999999999,311,30,2,1149.3875000000116
1468,30,"Barge41, Train28",2,Request163,25,30,381,518,0.0,0.0,1,0.0,0.0,1050.0,2092.7275,2617.7275,312,30,3,2817.727500000008
1469,30,Train26,2,Request163,25,30,381,518,0.0,0.0,0,0.0,0.0,900.0,1440.7937499999998,2340.79375,315,30,4,3090.7937500000116
1470,30,"Barge41, Truck26",2,Request163,25,30,381,518,0.0,0.0,1,0.0,0.0,1050.0,3344.7775,3869.7775,735,30,5,4069.7774999999965
1471,30,"Barge41, Truck26",2,Request163,25,30,381,518,0.0,0.0,1,0.0,0.0,1050.0,3719.7775,4244.7775,736,30,6,4444.7774999999965
1472,31,"Barge01, Barge39",2,Request164,5,31,354,422,35.0,0.0,1,35.0,0.0,60.0,161.18224999999998,366.18224999999995,80,31,1,366.1822500000126
1473,31,Barge31,2,Request164,5,31,354,422,0.0,0.0,0,0.0,0.0,30.0,79.1945,109.1945,120,31,2,474.19450000001234
1474,31,"Barge19, Truck29",2,Request164,5,31,354,422,0.0,0.0,1,0.0,0.0,210.0,403.053,508.053,478,31,3,598.0530000000144
1475,31,"Barge05, Barge48, Truck32",2,Request164,5,31,354,422,0.0,0.0,2,0.0,0.0,240.0,460.857,565.857,447,31,4,610.8569999999891
1476,31,"Barge06, Barge48, Truck32",2,Request164,5,31,354,422,0.0,0.0,2,0.0,0.0,240.0,400.857,505.857,455,31,5,610.8569999999891
1477,31,"Barge07, Barge48, Truck32",2,Request164,5,31,354,422,0.0,0.0,2,0.0,0.0,240.0,340.857,445.857,463,31,6,610.8569999999891
1478,31,"Barge20, Truck29",2,Request164,5,31,354,422,0.0,0.0,1,0.0,0.0,210.0,403.053,508.053,479,31,7,628.0530000000144
1479,31,"Barge21, Truck29",2,Request164,5,31,354,422,0.0,0.0,1,0.0,0.0,210.0,403.053,508.053,480,31,8,718.0530000000144
1480,31,"Barge26, Barge49",2,Request164,5,31,354,422,0.0,0.0,1,0.0,0.0,60.0,211.18224999999998,241.18224999999998,119,31,9,743.6822500000126
1481,31,"Barge22, Truck29",2,Request164,5,31,354,422,0.0,0.0,1,0.0,0.0,210.0,403.053,508.053,481,31,10,748.0530000000144
1482,32,"Barge45, Truck32",2,Request165,7,32,359,519,28.0,0.0,1,28.0,0.0,294.0,330.91695000000004,673.91695,753,32,1,673.9169500000135
1483,32,"Barge45, Barge49",2,Request165,7,32,359,519,0.0,0.0,1,0.0,0.0,84.0,512.8942,554.8942,325,32,2,750.8942000000097
1484,32,"Barge41, Barge48, Barge49",2,Request165,7,32,359,519,0.0,0.0,2,0.0,0.0,126.0,520.13325,562.13325,322,32,3,772.1332500000135
1485,32,"Barge41, Barge48, Truck32",2,Request165,7,32,359,519,0.0,0.0,2,0.0,0.0,336.0,464.15599999999995,611.156,748,32,4,821.1559999999881
1486,32,"Train25, Truck32",2,Request165,7,32,359,519,0.0,0.0,1,0.0,0.0,504.0,738.2497500000001,990.24975,755,32,5,1018.2497499999881
1487,32,"Barge41, Barge47, Train29",2,Request165,7,32,359,519,0.0,0.0,2,0.0,0.0,336.0,663.80895,810.80895,321,32,6,1020.808950000006
1488,32,"Barge41, Barge47, Truck29",2,Request165,7,32,359,519,0.0,0.0,2,0.0,0.0,336.0,868.7742000000001,1015.7742000000001,746,32,7,1225.7742000000144
1489,32,"Barge41, Train28, Barge49",2,Request165,7,32,359,519,0.0,0.0,2,0.0,0.0,336.0,1001.26845,1043.26845,324,32,8,1253.2684500000032
1490,32,"Barge41, Train28, Truck32",2,Request165,7,32,359,519,0.0,0.0,2,0.0,0.0,546.0,931.2912000000001,1078.2912000000001,752,32,9,1288.291200000007
1491,32,"Train25, Barge49",2,Request165,7,32,359,519,0.0,0.0,1,0.0,0.0,294.0,1158.227,1305.227,327,32,10,1333.2270000000135
1492,33,"Barge33, Barge48",2,Request166,14,33,343,471,44.0,0.0,1,44.0,0.0,168.0,473.26649999999995,1173.2665,247,33,1,1173.266499999998
1493,33,Barge37,2,Request166,14,33,343,471,0.0,0.0,0,0.0,0.0,84.0,215.22269999999997,299.2227,249,33,2,1643.222700000013
1494,33,"Barge33, Train28",2,Request166,14,33,343,471,0.0,0.0,1,0.0,0.0,588.0,1197.5369,1491.5369,248,33,3,2107.5369000000064
1495,33,Train19,2,Request166,14,33,343,471,0.0,0.0,0,0.0,0.0,504.0,953.5434999999999,1457.5435,250,33,4,2409.5434999999998
1496,33,Train20,2,Request166,14,33,343,471,0.0,0.0,0,0.0,0.0,504.0,953.5434999999999,1457.5435,251,33,5,2745.5434999999998
1497,33,"Barge33, Truck26",2,Request166,14,33,343,471,0.0,0.0,1,0.0,0.0,588.0,1905.6849,2199.6849,661,33,6,2815.684899999993
1498,33,"Barge33, Truck26",2,Request166,14,33,343,471,0.0,0.0,1,0.0,0.0,588.0,2115.6849,2409.6849,662,33,7,3025.684899999993
1499,34,"Barge19, Truck30",2,Request167,21,34,354,499,18.0,0.0,1,18.0,0.0,882.0,2343.8016,3162.8016,558,34,1,3162.801600000006
1500,34,"Barge19, Train30",2,Request167,21,34,354,499,0.0,0.0,1,0.0,0.0,882.0,2526.47535,2967.4753500000006,165,34,2,3345.4753499999933
1501,34,"Barge05, Barge48, Train32",2,Request167,21,34,354,499,0.0,0.0,2,0.0,0.0,1008.0,2720.68965,3161.68965,148,34,3,3350.6896499999857
1502,34,"Barge06, Barge48, Train32",2,Request167,21,34,354,499,0.0,0.0,2,0.0,0.0,1008.0,2468.6896500000003,2909.68965,152,34,4,3350.6896499999857
1503,34,"Barge07, Barge48, Train32",2,Request167,21,34,354,499,0.0,0.0,2,0.0,0.0,1008.0,2216.6896500000003,2657.6896500000003,156,34,5,3350.689650000015
1504,34,"Barge05, Barge47, Train30",2,Request167,21,34,354,499,0.0,0.0,2,0.0,0.0,1008.0,2775.60675,3216.60675,147,34,6,3405.6067500000063
1505,34,"Barge06, Barge47, Train30",2,Request167,21,34,354,499,0.0,0.0,2,0.0,0.0,1008.0,2523.60675,2964.60675,151,34,7,3405.6067500000063
1506,34,"Barge07, Barge47, Train30",2,Request167,21,34,354,499,0.0,0.0,2,0.0,0.0,1008.0,2271.60675,2712.60675,155,34,8,3405.6067500000063
1507,34,"Barge08, Barge47, Train30",2,Request167,21,34,354,499,0.0,0.0,2,0.0,0.0,1008.0,2019.6067500000001,2460.60675,159,34,9,3405.6067500000063
1508,34,"Barge09, Barge47, Train30",2,Request167,21,34,354,499,0.0,0.0,2,0.0,0.0,1008.0,1767.6067500000001,2208.60675,162,34,10,3405.6067500000063
1509,35,Barge17,2,Request168,30,35,316,443,32.0,0.0,0,32.0,0.0,180.0,363.363,1503.3629999999998,37,35,1,1503.363000000012
1510,35,Barge18,2,Request168,30,35,316,443,0.0,0.0,0,0.0,0.0,180.0,363.363,543.3629999999999,38,35,2,1683.363000000012
1511,35,Barge19,2,Request168,30,35,316,443,0.0,0.0,0,0.0,0.0,180.0,363.363,543.3629999999999,39,35,3,2223.363000000012
1512,35,Barge20,2,Request168,30,35,316,443,0.0,0.0,0,0.0,0.0,180.0,363.363,543.3629999999999,40,35,4,2403.363000000012
1513,35,Barge21,2,Request168,30,35,316,443,0.0,0.0,0,0.0,0.0,180.0,363.363,543.3629999999999,41,35,5,2943.363000000012
1514,35,Barge22,2,Request168,30,35,316,443,0.0,0.0,0,0.0,0.0,180.0,363.363,543.3629999999999,42,35,6,3123.363000000012
1515,35,Train03,2,Request168,30,35,316,443,0.0,0.0,0,0.0,0.0,1080.0,1257.42,2337.42,48,35,7,3207.420000000013
1516,35,Train01,2,Request168,30,35,316,443,0.0,0.0,0,0.0,0.0,1080.0,1257.42,2337.42,46,35,8,3417.420000000013
1517,35,Barge23,2,Request168,30,35,316,443,0.0,0.0,0,0.0,0.0,180.0,363.363,543.3629999999999,43,35,9,3843.363000000012
1518,35,Train04,2,Request168,30,35,316,443,0.0,0.0,0,0.0,0.0,1080.0,1257.42,2337.42,49,35,10,3927.420000000013
1519,36,"Barge04, Barge48, Truck33",2,Request169,28,36,345,422,6.0,0.4,2,6.0,0.4,1344.0,3915.4472,4682.6472,519,36,1,4682.647200000007
1520,36,"Barge05, Barge48, Truck33",2,Request169,28,36,345,422,0.0,0.0,2,0.0,0.0,1344.0,3579.4472,4167.4472000000005,527,36,2,4682.647200000007
1521,36,"Barge06, Barge48, Truck33",2,Request169,28,36,345,422,0.0,0.0,2,0.0,0.0,1344.0,3243.4472,3831.4472,535,36,3,4682.647200000007
1522,36,"Barge07, Barge48, Truck33",2,Request169,28,36,345,422,0.0,0.0,2,0.0,0.0,1344.0,2907.4472,3495.4472,543,36,4,4682.647200000007
1523,36,"Barge26, Truck33",2,Request169,28,36,345,422,0.0,0.0,1,0.0,0.0,1176.0,2335.3596,2923.3596,563,36,5,5485.359599999996
1524,36,Train14,2,Request169,28,36,345,422,0.0,0.0,0,0.0,0.0,1008.0,2053.786,3061.786,180,36,6,5525.785999999993
1525,36,"Barge17, Train30",2,Request169,28,36,345,422,0.0,0.0,1,0.0,0.0,1176.0,4040.6337999999996,4628.6338,163,36,7,5538.6338000000105
1526,36,"Barge18, Train30",2,Request169,28,36,345,422,0.0,0.0,1,0.0,0.0,1176.0,3872.6337999999996,4460.6338,164,36,8,5538.6338000000105
1527,36,"Barge19, Train30",2,Request169,28,36,345,422,0.0,0.0,1,0.0,0.0,1176.0,3368.6338,3956.6338000000005,165,36,9,5538.6338000000105
1528,36,"Barge20, Train30",2,Request169,28,36,345,422,0.0,0.0,1,0.0,0.0,1176.0,3200.6338,3788.6338000000005,166,36,10,5538.6338000000105
1529,37,Barge45,2,Request170,17,37,328,442,59.0,0.0,0,59.0,0.0,102.0,245.50295,1350.50295,313,37,1,1350.5029499999946
1530,37,"Barge40, Barge48",2,Request170,17,37,328,442,0.0,0.0,1,0.0,0.0,204.0,1359.5835,1461.5835,309,37,2,1682.583500000008
1531,37,"Barge41, Barge48",2,Request170,17,37,328,442,0.0,0.0,1,0.0,0.0,204.0,543.5835,645.5835,311,37,3,1682.583500000008
1532,37,Train25,2,Request170,17,37,328,442,0.0,0.0,0,0.0,0.0,612.0,979.73975,1591.73975,314,37,4,2186.739750000008
1533,37,"Barge40, Train28",2,Request170,17,37,328,442,0.0,0.0,1,0.0,0.0,714.0,2239.0547,2596.0547,310,37,5,2817.054700000008
1534,37,"Barge41, Train28",2,Request170,17,37,328,442,0.0,0.0,1,0.0,0.0,714.0,1423.0547000000001,1780.0547000000001,312,37,6,2817.054700000008
1535,37,"Barge40, Truck26",2,Request170,17,37,328,442,0.0,0.0,1,0.0,0.0,714.0,2274.4487,2631.4487,733,37,7,2852.448700000008
1536,37,Train26,2,Request170,17,37,328,442,0.0,0.0,0,0.0,0.0,612.0,979.73975,1591.73975,315,37,8,3002.739750000008
1537,37,"Barge40, Truck26",2,Request170,17,37,328,442,0.0,0.0,1,0.0,0.0,714.0,2529.4487,2886.4487,734,37,9,3107.448700000008
1538,37,"Barge41, Truck26",2,Request170,17,37,328,442,0.0,0.0,1,0.0,0.0,714.0,2274.4487,2631.4487,735,37,10,3668.448700000008
1539,38,"Barge26, Train33",2,Request171,25,38,403,533,15.0,0.0,1,15.0,0.0,1050.0,4042.3050000000003,4942.305,221,38,1,4942.304999999993
1540,38,Train16,2,Request171,25,38,403,533,0.0,0.0,0,0.0,0.0,900.0,3929.4375,4829.4375,233,38,2,5629.4375
1541,38,"Train10, Train33",2,Request171,25,38,403,533,0.0,0.0,1,0.0,0.0,1800.0,6041.400000000001,6941.400000000001,230,38,3,7141.399999999994
1542,38,"Train11, Train33",2,Request171,25,38,403,533,0.0,0.0,1,0.0,0.0,1800.0,5441.400000000001,6341.400000000001,231,38,4,7141.399999999994
1543,38,"Barge26, Truck34",2,Request171,25,38,403,533,0.0,0.0,1,0.0,0.0,1050.0,8672.43,9197.43,644,38,5,9572.429999999993
1544,38,"Barge23, Truck31",2,Request171,25,38,403,533,0.0,0.0,1,0.0,0.0,1050.0,9377.5275,9902.5275,642,38,6,10477.527499999997
1545,38,"Barge24, Truck31",2,Request171,25,38,403,533,0.0,0.0,1,0.0,0.0,1050.0,9377.5275,9902.5275,643,38,7,10627.527499999997
1546,38,"Barge09, Barge47, Truck31",2,Request171,25,38,403,533,0.0,0.0,2,0.0,0.0,1200.0,9911.6125,10436.6125,635,38,8,10636.612499999988
1547,38,"Train10, Truck34",2,Request171,25,38,403,533,0.0,0.0,1,0.0,0.0,1800.0,10246.525,11146.525,653,38,9,11346.524999999994
1548,38,"Train06, Truck31",2,Request171,25,38,403,533,0.0,0.0,1,0.0,0.0,1800.0,10497.575,11397.575,650,38,10,11747.575000000012
1549,39,"Barge03, Barge48, Truck33",2,Request172,24,39,331,422,8.0,0.4,2,8.0,0.4,1152.0,3644.0976,4349.6976,511,39,1,4349.697600000014
1550,39,"Barge04, Barge48, Truck33",2,Request172,24,39,331,422,0.0,0.0,2,0.0,0.0,1152.0,3356.0976,3860.0976,519,39,2,4349.697600000014
1551,39,"Barge05, Barge48, Truck33",2,Request172,24,39,331,422,0.0,0.0,2,0.0,0.0,1152.0,3068.0976,3572.0976,527,39,3,4349.697600000014
1552,39,"Barge06, Barge48, Truck33",2,Request172,24,39,331,422,0.0,0.0,2,0.0,0.0,1152.0,2780.0976,3284.0976,535,39,4,4349.697600000014
1553,39,"Barge07, Barge48, Truck33",2,Request172,24,39,331,422,0.0,0.0,2,0.0,0.0,1152.0,2492.0976,2996.0976,543,39,5,4349.697600000014
1554,39,"Barge26, Truck33",2,Request172,24,39,331,422,0.0,0.0,1,0.0,0.0,1008.0,2001.7368,2505.7367999999997,563,39,6,5037.736800000013
1555,39,Train14,2,Request172,24,39,331,422,0.0,0.0,0,0.0,0.0,864.0,1760.3880000000001,2624.388,180,39,7,5072.388000000006
1556,39,"Barge17, Train30",2,Request172,24,39,331,422,0.0,0.0,1,0.0,0.0,1008.0,3463.4003999999995,3967.4003999999995,163,39,8,5083.400400000013
1557,39,"Barge18, Train30",2,Request172,24,39,331,422,0.0,0.0,1,0.0,0.0,1008.0,3319.4003999999995,3823.4003999999995,164,39,9,5083.400400000013
1558,39,"Barge20, Train30",2,Request172,24,39,331,422,0.0,0.0,1,0.0,0.0,1008.0,2743.4004,3247.4004000000004,166,39,10,5083.400400000013
1559,40,Barge31,2,Request173,22,40,356,472,60.0,0.0,0,60.0,0.0,132.0,348.4558,1800.4558,120,40,1,1800.455799999996
1560,40,"Barge26, Barge49",2,Request173,22,40,356,472,0.0,0.0,1,0.0,0.0,264.0,929.2018999999999,1061.2019,119,40,2,2425.2018999999855
1561,40,"Barge05, Barge48, Barge49",2,Request173,22,40,356,472,0.0,0.0,2,0.0,0.0,396.0,2203.6992999999998,2335.6992999999998,97,40,3,2489.6993000000075
1562,40,"Barge06, Barge48, Barge49",2,Request173,22,40,356,472,0.0,0.0,2,0.0,0.0,396.0,1939.6993,2071.6992999999998,101,40,4,2489.6993000000075
1563,40,"Barge07, Barge48, Barge49",2,Request173,22,40,356,472,0.0,0.0,2,0.0,0.0,396.0,1675.6993,1807.6993,105,40,5,2489.6993000000075
1564,40,"Barge19, Truck29",2,Request173,22,40,356,472,0.0,0.0,1,0.0,0.0,924.0,1773.4332000000002,2235.4332,478,40,6,2587.4331999999995
1565,40,"Barge05, Barge48, Truck32",2,Request173,22,40,356,472,0.0,0.0,2,0.0,0.0,1056.0,2027.7708000000002,2489.7708000000002,447,40,7,2643.7707999999984
1566,40,"Barge07, Barge48, Truck32",2,Request173,22,40,356,472,0.0,0.0,2,0.0,0.0,1056.0,1499.7708000000002,1961.7708000000002,463,40,8,2643.7707999999984
1567,40,"Barge06, Barge48, Truck32",2,Request173,22,40,356,472,0.0,0.0,2,0.0,0.0,1056.0,1763.7708000000002,2225.7708000000002,455,40,9,2643.7707999999984
1568,40,"Barge20, Truck29",2,Request173,22,40,356,472,0.0,0.0,1,0.0,0.0,924.0,1773.4332000000002,2235.4332,479,40,10,2719.4331999999995
1569,41,Barge21,2,Request174,12,41,395,474,1.0,0.0,0,1.0,0.0,72.0,145.3452,229.34519999999998,41,41,1,229.34520000001066
1570,41,Barge22,2,Request174,12,41,395,474,0.0,0.0,0,0.0,0.0,72.0,145.3452,217.34519999999998,42,41,2,301.34520000001066
1571,41,Barge23,2,Request174,12,41,395,474,0.0,0.0,0,0.0,0.0,72.0,145.3452,217.34519999999998,43,41,3,589.3452000000107
1572,41,"Barge08, Barge47",2,Request174,12,41,395,474,0.0,0.0,1,0.0,0.0,144.0,527.7059999999999,599.7059999999999,34,41,4,647.7060000000056
1573,41,"Barge09, Barge47",2,Request174,12,41,395,474,0.0,0.0,1,0.0,0.0,144.0,383.706,455.70599999999996,36,41,5,647.7060000000056
1574,41,Barge24,2,Request174,12,41,395,474,0.0,0.0,0,0.0,0.0,72.0,145.3452,217.34519999999998,44,41,6,661.3452000000107
1575,41,Barge25,2,Request174,12,41,395,474,0.0,0.0,0,0.0,0.0,72.0,145.3452,217.34519999999998,45,41,7,949.3452000000107
1576,41,"Barge08, Train27",2,Request174,12,41,395,474,0.0,0.0,1,0.0,0.0,504.0,733.128,985.1279999999999,35,41,8,1033.127999999997
1577,41,Train06,2,Request174,12,41,395,474,0.0,0.0,0,0.0,0.0,432.0,502.968,934.9680000000001,51,41,9,1198.9679999999935
1578,41,Train07,2,Request174,12,41,395,474,0.0,0.0,0,0.0,0.0,432.0,502.968,934.9680000000001,52,41,10,1486.9679999999935
1579,42,"Barge36, Train31",2,Request175,8,42,385,506,26.0,0.0,1,26.0,0.0,336.0,1370.7316,1746.7316,293,42,1,1746.7315999999992
1580,42,"Barge33, Barge48, Train33",2,Request175,8,42,385,506,0.0,0.0,2,0.0,0.0,384.0,1564.718,1732.718,289,42,2,1748.7179999999935
1581,42,"Barge33, Barge47, Train31",2,Request175,8,42,385,506,0.0,0.0,2,0.0,0.0,384.0,1585.6388,1753.6388,288,42,3,1769.638799999986
1582,42,Train23,2,Request175,8,42,385,506,0.0,0.0,0,0.0,0.0,288.0,1299.334,1587.334,298,42,4,1827.3340000000026
1583,42,"Barge33, Train27, Train31",2,Request175,8,42,385,506,0.0,0.0,2,0.0,0.0,624.0,2058.5868,2226.5868,290,42,5,2242.58679999999
1584,42,"Barge33, Train28, Train33",2,Request175,8,42,385,506,0.0,0.0,2,0.0,0.0,624.0,2114.5868,2282.5868,291,42,6,2298.58679999999
1585,42,"Train17, Train31",2,Request175,8,42,385,506,0.0,0.0,1,0.0,0.0,576.0,1815.334,2103.334,294,42,7,2335.3340000000026
1586,42,"Train18, Train31",2,Request175,8,42,385,506,0.0,0.0,1,0.0,0.0,576.0,1623.334,1911.334,295,42,8,2335.3340000000026
1587,42,"Train19, Train33",2,Request175,8,42,385,506,0.0,0.0,1,0.0,0.0,576.0,1971.162,2259.1620000000003,296,42,9,2467.162000000011
1588,42,"Train20, Train33",2,Request175,8,42,385,506,0.0,0.0,1,0.0,0.0,576.0,1779.162,2067.1620000000003,297,42,10,2467.162000000011
1589,43,"Barge45, Truck32",2,Request176,7,43,361,471,26.0,0.0,1,26.0,0.0,294.0,330.91695000000004,659.91695,753,43,1,659.9169500000135
1590,43,"Barge45, Barge49",2,Request176,7,43,361,471,0.0,0.0,1,0.0,0.0,84.0,512.8942,554.8942,325,43,2,736.8942000000097
1591,43,"Barge41, Barge48, Barge49",2,Request176,7,43,361,471,0.0,0.0,2,0.0,0.0,126.0,520.13325,562.13325,322,43,3,758.1332500000135
1592,43,"Barge41, Barge48, Truck32",2,Request176,7,43,361,471,0.0,0.0,2,0.0,0.0,336.0,464.15599999999995,611.156,748,43,4,807.1559999999881
1593,43,"Train25, Truck32",2,Request176,7,43,361,471,0.0,0.0,1,0.0,0.0,504.0,738.2497500000001,990.24975,755,43,5,1004.2497499999881
1594,43,"Barge41, Barge47, Train29",2,Request176,7,43,361,471,0.0,0.0,2,0.0,0.0,336.0,663.80895,810.80895,321,43,6,1006.808950000006
1595,43,"Barge41, Barge47, Truck29",2,Request176,7,43,361,471,0.0,0.0,2,0.0,0.0,336.0,868.7742000000001,1015.7742000000001,746,43,7,1211.7742000000144
1596,43,"Barge41, Train28, Barge49",2,Request176,7,43,361,471,0.0,0.0,2,0.0,0.0,336.0,1001.26845,1043.26845,324,43,8,1239.2684500000032
1597,43,"Barge41, Train28, Truck32",2,Request176,7,43,361,471,0.0,0.0,2,0.0,0.0,546.0,931.2912000000001,1078.2912000000001,752,43,9,1274.291200000007
1598,43,"Train25, Barge49",2,Request176,7,43,361,471,0.0,0.0,1,0.0,0.0,294.0,1158.227,1305.227,327,43,10,1319.2270000000135
1599,44,Barge18,2,Request177,27,44,351,506,3.0,0.0,0,3.0,0.0,162.0,327.0267,570.0266999999999,38,44,1,570.0266999999876
1600,44,Barge19,2,Request177,27,44,351,506,0.0,0.0,0,0.0,0.0,162.0,327.0267,489.02669999999995,39,44,2,1056.0266999999876
1601,44,Barge20,2,Request177,27,44,351,506,0.0,0.0,0,0.0,0.0,162.0,327.0267,489.02669999999995,40,44,3,1218.0266999999876
1602,44,Barge21,2,Request177,27,44,351,506,0.0,0.0,0,0.0,0.0,162.0,327.0267,489.02669999999995,41,44,4,1704.0266999999876
1603,44,Barge22,2,Request177,27,44,351,506,0.0,0.0,0,0.0,0.0,162.0,327.0267,489.02669999999995,42,44,5,1866.0266999999876
1604,44,Train01,2,Request177,27,44,351,506,0.0,0.0,0,0.0,0.0,972.0,1131.678,2103.678,46,44,6,2130.6780000000144
1605,44,Barge23,2,Request177,27,44,351,506,0.0,0.0,0,0.0,0.0,162.0,327.0267,489.02669999999995,43,44,7,2514.0266999999876
1606,44,Train04,2,Request177,27,44,351,506,0.0,0.0,0,0.0,0.0,972.0,1131.678,2103.678,49,44,8,2589.6780000000144
1607,44,"Barge05, Barge47",2,Request177,27,44,351,506,0.0,0.0,1,0.0,0.0,324.0,2159.3385,2321.3385,28,44,9,2645.3385000000126
1608,44,"Barge06, Barge47",2,Request177,27,44,351,506,0.0,0.0,1,0.0,0.0,324.0,1835.3384999999998,1997.3384999999998,30,44,10,2645.3385000000126
1609,45,Barge31,2,Request178,25,45,355,503,61.0,0.0,0,61.0,0.0,150.0,395.9725,2070.9725,120,45,1,2070.9725000000035
1610,45,"Barge26, Barge49",2,Request178,25,45,355,503,0.0,0.0,1,0.0,0.0,300.0,1055.9112499999999,1205.9112499999999,119,45,2,2780.9112500000047
1611,45,"Barge05, Barge48, Barge49",2,Request178,25,45,355,503,0.0,0.0,2,0.0,0.0,450.0,2504.20375,2654.20375,97,45,3,2854.203749999986
1612,45,"Barge06, Barge48, Barge49",2,Request178,25,45,355,503,0.0,0.0,2,0.0,0.0,450.0,2204.20375,2354.20375,101,45,4,2854.203749999986
1613,45,"Barge07, Barge48, Barge49",2,Request178,25,45,355,503,0.0,0.0,2,0.0,0.0,450.0,1904.20375,2054.20375,105,45,5,2854.203749999986
1614,45,"Barge19, Truck29",2,Request178,25,45,355,503,0.0,0.0,1,0.0,0.0,1050.0,2015.265,2540.2650000000003,478,45,6,2965.265000000014
1615,45,"Barge05, Barge48, Truck32",2,Request178,25,45,355,503,0.0,0.0,2,0.0,0.0,1200.0,2304.2850000000003,2829.2850000000003,447,45,7,3029.2850000000035
1616,45,"Barge07, Barge48, Truck32",2,Request178,25,45,355,503,0.0,0.0,2,0.0,0.0,1200.0,1704.285,2229.2850000000003,463,45,8,3029.2850000000035
1617,45,"Barge06, Barge48, Truck32",2,Request178,25,45,355,503,0.0,0.0,2,0.0,0.0,1200.0,2004.285,2529.2850000000003,455,45,9,3029.2850000000035
1618,45,"Barge20, Truck29",2,Request178,25,45,355,503,0.0,0.0,1,0.0,0.0,1050.0,2015.265,2540.2650000000003,479,45,10,3115.265000000014
1619,46,"Barge17, Truck29",2,Request179,25,46,328,390,20.0,0.0,1,20.0,0.0,1050.0,2015.265,3040.2650000000003,476,46,1,3040.265000000014
1620,46,"Barge18, Truck29",2,Request179,25,46,328,390,0.0,0.0,1,0.0,0.0,1050.0,2015.265,2540.2650000000003,477,46,2,3190.265000000014
1621,46,"Barge19, Truck29",2,Request179,25,46,328,390,0.0,0.0,1,0.0,0.0,1050.0,2015.265,2540.2650000000003,478,46,3,3665.265000000014
1622,46,Barge31,2,Request179,25,46,328,390,0.0,0.0,0,0.0,0.0,150.0,395.9725,545.9725000000001,120,46,4,3820.9725000000035
1623,46,"Barge20, Truck29",2,Request179,25,46,328,390,0.0,0.0,1,0.0,0.0,1050.0,2015.265,2540.2650000000003,479,46,5,3965.265000000014
1624,46,"Train03, Truck29",2,Request179,25,46,328,390,0.0,0.0,1,0.0,0.0,1800.0,3135.3125,4035.3125,486,46,6,4460.3125
1625,46,"Barge04, Barge48, Truck32",2,Request179,25,46,328,390,0.0,0.0,2,0.0,0.0,1200.0,2604.2850000000003,3129.2850000000003,439,46,7,4504.2850000000035
1626,46,"Barge06, Barge48, Truck32",2,Request179,25,46,328,390,0.0,0.0,2,0.0,0.0,1200.0,2004.285,2529.2850000000003,455,46,8,4504.2850000000035
1627,46,"Barge05, Barge48, Truck32",2,Request179,25,46,328,390,0.0,0.0,2,0.0,0.0,1200.0,2304.2850000000003,2829.2850000000003,447,46,9,4504.2850000000035
1628,46,"Barge07, Barge48, Truck32",2,Request179,25,46,328,390,0.0,0.0,2,0.0,0.0,1200.0,1704.285,2229.2850000000003,463,46,10,4504.2850000000035
1629,47,"Barge45, Truck33",2,Request180,10,47,348,485,39.0,0.0,1,39.0,0.0,420.0,829.3985,1429.3985,773,47,1,1429.3985000000102
1630,47,"Barge45, Train32",2,Request180,10,47,348,485,0.0,0.0,1,0.0,0.0,420.0,1026.591,1236.591,337,47,2,1626.5909999999858
1631,47,"Barge41, Barge48, Truck33",2,Request180,10,47,348,485,0.0,0.0,2,0.0,0.0,480.0,1019.74,1229.74,768,47,3,1639.7399999999907
1632,47,"Barge41, Barge48, Train32",2,Request180,10,47,348,485,0.0,0.0,2,0.0,0.0,480.0,1036.9325000000001,1246.9325000000001,334,47,4,1656.9324999999953
1633,47,"Barge41, Barge47, Train30",2,Request180,10,47,348,485,0.0,0.0,2,0.0,0.0,480.0,1063.0835,1273.0835,333,47,5,1683.083500000008
1634,47,"Train25, Truck33",2,Request180,10,47,348,485,0.0,0.0,1,0.0,0.0,720.0,1411.3024999999998,1771.3024999999998,775,47,6,1921.3024999999907
1635,47,"Barge41, Barge47, Truck30",2,Request180,10,47,348,485,0.0,0.0,2,0.0,0.0,480.0,1551.096,1761.096,766,47,7,2171.0959999999905
1636,47,"Barge41, Train27, Train30",2,Request180,10,47,348,485,0.0,0.0,2,0.0,0.0,780.0,1654.2685000000001,1864.2685000000001,335,47,8,2274.2685000000056
1637,47,"Train24, Train30",2,Request180,10,47,348,485,0.0,0.0,1,0.0,0.0,720.0,1193.71,1553.7099999999998,338,47,9,2293.709999999992
1638,47,"Barge41, Train28, Truck33",2,Request180,10,47,348,485,0.0,0.0,2,0.0,0.0,780.0,1687.076,1897.076,772,47,10,2307.076000000001
1639,48,"Barge45, Truck33",2,Request181,17,48,323,457,64.0,0.0,1,64.0,0.0,714.0,1409.97745,2854.9774500000003,773,48,1,2854.977450000006
1640,48,"Barge40, Barge48, Truck33",2,Request181,17,48,323,457,0.0,0.0,2,0.0,0.0,816.0,2549.558,2906.558,760,48,2,3212.55799999999
1641,48,"Barge41, Barge48, Truck33",2,Request181,17,48,323,457,0.0,0.0,2,0.0,0.0,816.0,1733.558,2090.558,768,48,3,3212.55799999999
1642,48,"Barge45, Train32",2,Request181,17,48,323,457,0.0,0.0,1,0.0,0.0,714.0,1745.2047,2102.2047,337,48,4,3215.704700000002
1643,48,"Barge40, Barge48, Train32",2,Request181,17,48,323,457,0.0,0.0,2,0.0,0.0,816.0,2578.78525,2935.78525,330,48,5,3267.2852499999863
1644,48,"Barge41, Barge48, Train32",2,Request181,17,48,323,457,0.0,0.0,2,0.0,0.0,816.0,1762.7852500000001,2119.78525,334,48,6,3267.2852499999863
1645,48,"Barge40, Barge47, Train30",2,Request181,17,48,323,457,0.0,0.0,2,0.0,0.0,816.0,2623.2419499999996,2980.2419499999996,329,48,7,3286.241949999996
1646,48,"Barge41, Barge47, Train30",2,Request181,17,48,323,457,0.0,0.0,2,0.0,0.0,816.0,1807.24195,2164.24195,333,48,8,3286.241949999996
1647,48,"Train25, Truck33",2,Request181,17,48,323,457,0.0,0.0,1,0.0,0.0,1224.0,2399.21425,3011.21425,775,48,9,3691.21424999999
1648,48,"Barge40, Barge47, Truck30",2,Request181,17,48,323,457,0.0,0.0,2,0.0,0.0,816.0,3452.8632,3809.8632,758,48,10,4115.8631999999925
1649,49,"Barge19, Truck30",2,Request182,16,49,356,411,16.0,0.0,1,16.0,0.0,672.0,1785.7536,2377.7536,558,49,1,2377.7535999999964
1650,49,"Barge20, Truck30",2,Request182,16,49,356,411,0.0,0.0,1,0.0,0.0,672.0,1785.7536,2121.7536,559,49,2,2473.7535999999964
1651,49,"Barge21, Truck30",2,Request182,16,49,356,411,0.0,0.0,1,0.0,0.0,672.0,1785.7536,2121.7536,560,49,3,2833.7535999999964
1652,49,"Barge22, Truck30",2,Request182,16,49,356,411,0.0,0.0,1,0.0,0.0,672.0,1785.7536,2121.7536,561,49,4,3025.7535999999964
1653,49,Train14,2,Request182,16,49,356,411,0.0,0.0,0,0.0,0.0,576.0,1173.592,1749.592,180,49,5,3157.592000000004
1654,49,"Barge19, Train30",2,Request182,16,49,356,411,0.0,0.0,1,0.0,0.0,672.0,1924.9336,2260.9336000000003,165,49,6,3164.9335999999894
1655,49,"Barge20, Train30",2,Request182,16,49,356,411,0.0,0.0,1,0.0,0.0,672.0,1828.9336,2164.9336000000003,166,49,7,3164.9335999999894
1656,49,"Barge21, Train30",2,Request182,16,49,356,411,0.0,0.0,1,0.0,0.0,672.0,1540.9336,1876.9336,167,49,8,3164.9335999999894
1657,49,"Barge22, Train30",2,Request182,16,49,356,411,0.0,0.0,1,0.0,0.0,672.0,1444.9336,1780.9336,168,49,9,3164.9335999999894
1658,49,"Barge23, Train30",2,Request182,16,49,356,411,0.0,0.0,1,0.0,0.0,672.0,1060.9335999999998,1396.9335999999998,169,49,10,3164.9335999999894
1659,50,Barge31,2,Request183,16,50,323,487,93.0,0.0,0,93.0,0.0,96.0,253.4224,1837.4224,120,50,1,1837.4224000000104
1660,50,"Barge17, Truck29",2,Request183,16,50,323,487,0.0,0.0,1,0.0,0.0,672.0,1289.7696,1625.7696,476,50,2,2025.7695999999996
1661,50,"Barge18, Truck29",2,Request183,16,50,323,487,0.0,0.0,1,0.0,0.0,672.0,1289.7696,1625.7696,477,50,3,2121.7695999999996
1662,50,"Barge26, Barge49",2,Request183,16,50,323,487,0.0,0.0,1,0.0,0.0,192.0,675.7832,771.7832,119,50,4,2291.7832000000053
1663,50,"Barge03, Barge48, Barge49",2,Request183,16,50,323,487,0.0,0.0,2,0.0,0.0,288.0,1986.6904,2082.6904,89,50,5,2338.690399999992
1664,50,"Barge04, Barge48, Barge49",2,Request183,16,50,323,487,0.0,0.0,2,0.0,0.0,288.0,1794.6904,1890.6904,93,50,6,2338.690399999992
1665,50,"Barge05, Barge48, Barge49",2,Request183,16,50,323,487,0.0,0.0,2,0.0,0.0,288.0,1602.6904,1698.6904,97,50,7,2338.690399999992
1666,50,"Barge06, Barge48, Barge49",2,Request183,16,50,323,487,0.0,0.0,2,0.0,0.0,288.0,1410.6904,1506.6904,101,50,8,2338.690399999992
1667,50,"Barge07, Barge48, Barge49",2,Request183,16,50,323,487,0.0,0.0,2,0.0,0.0,288.0,1218.6904,1314.6904,105,50,9,2338.690399999992
1668,50,"Barge19, Truck29",2,Request183,16,50,323,487,0.0,0.0,1,0.0,0.0,672.0,1289.7696,1625.7696,478,50,10,2409.7695999999996
1669,51,"Barge45, Train32",2,Request184,12,51,360,517,27.0,0.0,1,27.0,0.0,504.0,1231.9092,1807.9092,337,51,1,1807.9091999999946
1670,51,"Barge41, Barge48, Train32",2,Request184,12,51,360,517,0.0,0.0,2,0.0,0.0,576.0,1244.319,1496.319,334,51,2,1844.3189999999886
1671,51,"Barge41, Barge47, Train30",2,Request184,12,51,360,517,0.0,0.0,2,0.0,0.0,576.0,1275.7002,1527.7002,333,51,3,1875.700199999992
1672,51,"Barge41, Train27, Train30",2,Request184,12,51,360,517,0.0,0.0,2,0.0,0.0,936.0,1985.1222,2237.1222,335,51,4,2585.1222000000125
1673,51,"Train24, Train30",2,Request184,12,51,360,517,0.0,0.0,1,0.0,0.0,864.0,1432.452,1864.4519999999998,338,51,5,2608.45199999999
1674,51,"Barge41, Train28, Train32",2,Request184,12,51,360,517,0.0,0.0,2,0.0,0.0,936.0,2069.1222,2321.1222,336,51,6,2669.1222000000125
1675,51,"Train26, Train32",2,Request184,12,51,360,517,0.0,0.0,1,0.0,0.0,864.0,1762.1939999999997,2194.1939999999995,340,51,7,2806.1939999999886
1676,51,"Train25, Train32",2,Request184,12,51,360,517,0.0,0.0,1,0.0,0.0,864.0,2338.194,2770.194,339,51,8,2806.1939999999886
1677,51,"Barge41, Truck25, Train30",2,Request184,12,51,360,517,0.0,0.0,2,0.0,0.0,936.0,2414.2602,2666.2602,765,51,9,3014.2601999999897
1678,51,"Barge41, Truck26, Train32",2,Request184,12,51,360,517,0.0,0.0,2,0.0,0.0,936.0,2749.3062,3001.3062,767,51,10,3349.306199999992
1679,52,Barge20,2,Request185,20,52,372,457,6.0,0.0,0,6.0,0.0,120.0,242.242,482.24199999999996,40,52,1,482.24199999999837
1680,52,Barge21,2,Request185,20,52,372,457,0.0,0.0,0,0.0,0.0,120.0,242.242,362.24199999999996,41,52,2,842.2419999999984
1681,52,Barge22,2,Request185,20,52,372,457,0.0,0.0,0,0.0,0.0,120.0,242.242,362.24199999999996,42,52,3,962.2419999999984
1682,52,Barge23,2,Request185,20,52,372,457,0.0,0.0,0,0.0,0.0,120.0,242.242,362.24199999999996,43,52,4,1442.2419999999984
1683,52,"Barge06, Barge47",2,Request185,20,52,372,457,0.0,0.0,1,0.0,0.0,240.0,1359.51,1479.51,30,52,5,1539.5100000000093
1684,52,"Barge07, Barge47",2,Request185,20,52,372,457,0.0,0.0,1,0.0,0.0,240.0,1119.51,1239.51,32,52,6,1539.5100000000093
1685,52,"Barge08, Barge47",2,Request185,20,52,372,457,0.0,0.0,1,0.0,0.0,240.0,879.51,999.51,34,52,7,1539.5100000000093
1686,52,"Barge09, Barge47",2,Request185,20,52,372,457,0.0,0.0,1,0.0,0.0,240.0,639.51,759.51,36,52,8,1539.5100000000093
1687,52,Barge24,2,Request185,20,52,372,457,0.0,0.0,0,0.0,0.0,120.0,242.242,362.24199999999996,44,52,9,1562.2419999999984
1688,52,"Barge02, Barge43",2,Request185,20,52,372,457,0.0,0.0,1,0.0,0.0,240.0,1181.559,1301.559,21,52,10,1641.5590000000084
1689,53,Train23,2,Request186,20,53,389,466,26.0,0.0,0,26.0,0.0,720.0,3248.335,4488.335,298,53,1,4488.334999999992
1690,53,"Train19, Train33",2,Request186,20,53,389,466,0.0,0.0,1,0.0,0.0,1440.0,4927.905,5647.905000000001,296,53,2,6127.904999999999
1691,53,"Train20, Train33",2,Request186,20,53,389,466,0.0,0.0,1,0.0,0.0,1440.0,4447.905,5167.905000000001,297,53,3,6127.904999999999
1692,53,"Barge36, Truck31",2,Request186,20,53,389,466,0.0,0.0,1,0.0,0.0,840.0,7511.339,7931.339,724,53,4,8371.339000000007
1693,53,"Train19, Truck34",2,Request186,20,53,389,466,0.0,0.0,1,0.0,0.0,1440.0,8302.005000000001,9022.005000000001,727,53,5,9462.005000000005
1694,53,"Train17, Truck31",2,Request186,20,53,389,466,0.0,0.0,1,0.0,0.0,1440.0,8502.845,9222.845,725,53,6,9722.845000000001
1695,53,"Train20, Truck34",2,Request186,20,53,389,466,0.0,0.0,1,0.0,0.0,1440.0,8302.005000000001,9022.005000000001,728,53,7,9942.005000000005
1696,53,"Train18, Truck31",2,Request186,20,53,389,466,0.0,0.0,1,0.0,0.0,1440.0,8502.845,9222.845,726,53,8,10202.845000000001
1697,54,Barge31,2,Request187,23,54,377,430,39.0,3.0,0,39.0,3.0,138.0,364.29470000000003,1468.2947000000001,120,54,1,1468.2946999999986
1698,54,"Barge07, Barge48, Truck32",2,Request187,23,54,377,430,0.0,0.0,2,0.0,0.0,1104.0,1567.9422000000002,2050.9422,463,54,2,2280.9421999999904
1699,54,"Barge20, Truck29",2,Request187,23,54,377,430,0.0,0.0,1,0.0,0.0,966.0,1854.0438000000001,2337.0438,479,54,3,2360.043800000014
1700,54,"Barge26, Barge49",2,Request187,23,54,377,430,0.0,0.0,1,0.0,0.0,276.0,971.4383499999999,1109.43835,119,54,4,2707.9383500000113
1701,54,"Barge26, Truck32",2,Request187,23,54,377,430,0.0,0.0,1,0.0,0.0,966.0,1098.0131,1581.0131,483,54,5,2754.013100000011
1702,54,"Barge21, Truck29",2,Request187,23,54,377,430,0.0,0.0,1,0.0,0.0,966.0,1854.0438000000001,2337.0438,480,54,6,2774.043800000014
1703,54,"Barge07, Barge48, Barge49",2,Request187,23,54,377,430,0.0,0.0,2,0.0,0.0,414.0,1751.86745,1889.86745,105,54,7,2775.3674499999906
1704,54,"Barge22, Truck29",2,Request187,23,54,377,430,0.0,0.0,1,0.0,0.0,966.0,1854.0438000000001,2337.0438,481,54,8,2912.043800000014
1705,54,"Barge20, Train29",2,Request187,23,54,377,430,0.0,0.0,1,0.0,0.0,966.0,2365.08655,2848.08655,115,54,9,3319.5865500000073
1706,54,"Barge21, Train29",2,Request187,23,54,377,430,0.0,0.0,1,0.0,0.0,966.0,1951.0865499999998,2434.08655,116,54,10,3319.5865500000073
1707,55,Barge46,2,Request188,11,55,349,416,7.0,0.0,0,7.0,0.0,66.0,107.61135,250.61135,316,55,1,250.61134999999194
1708,56,Barge31,2,Request189,24,56,366,443,50.0,0.0,0,50.0,0.0,144.0,380.1336,1724.1336,120,56,1,1724.133600000001
1709,56,"Barge19, Truck29",2,Request189,24,56,366,443,0.0,0.0,1,0.0,0.0,1008.0,1934.6544000000001,2438.6544000000004,478,56,2,2582.6543999999994
1710,56,"Barge06, Barge48, Truck32",2,Request189,24,56,366,443,0.0,0.0,2,0.0,0.0,1152.0,1924.1136000000001,2428.1136,455,56,3,2644.1136000000115
1711,56,"Barge07, Barge48, Truck32",2,Request189,24,56,366,443,0.0,0.0,2,0.0,0.0,1152.0,1636.1136000000001,2140.1136,463,56,4,2644.1136000000115
1712,56,"Barge20, Truck29",2,Request189,24,56,366,443,0.0,0.0,1,0.0,0.0,1008.0,1934.6544000000001,2438.6544000000004,479,56,5,2726.6543999999994
1713,56,"Barge26, Barge49",2,Request189,24,56,366,443,0.0,0.0,1,0.0,0.0,288.0,1013.6748,1157.6748,119,56,6,2777.674800000008
1714,56,"Barge06, Barge48, Barge49",2,Request189,24,56,366,443,0.0,0.0,2,0.0,0.0,432.0,2116.0356,2260.0356,101,56,7,2848.035600000003
1715,56,"Barge07, Barge48, Barge49",2,Request189,24,56,366,443,0.0,0.0,2,0.0,0.0,432.0,1828.0356,1972.0356,105,56,8,2848.035600000003
1716,56,"Barge26, Truck32",2,Request189,24,56,366,443,0.0,0.0,1,0.0,0.0,1008.0,1145.7528,1649.7528,483,56,9,2897.7527999999875
1717,56,"Barge21, Truck29",2,Request189,24,56,366,443,0.0,0.0,1,0.0,0.0,1008.0,1934.6544000000001,2438.6544000000004,480,56,10,3158.6543999999994
1718,57,"Barge03, Barge48",2,Request190,10,57,321,401,18.0,18.0,1,18.0,18.0,120.0,818.3889999999999,1238.389,58,57,1,1238.3889999999956
1719,57,"Barge04, Barge48",2,Request190,10,57,321,401,0.0,0.0,1,0.0,0.0,120.0,698.3889999999999,758.3889999999999,60,57,2,1238.3889999999956
1720,57,"Barge05, Barge48",2,Request190,10,57,321,401,0.0,0.0,1,0.0,0.0,120.0,578.389,638.389,62,57,3,1238.3889999999956
1721,57,"Barge06, Barge48",2,Request190,10,57,321,401,0.0,0.0,1,0.0,0.0,120.0,458.389,518.389,64,57,4,1238.3889999999956
1722,57,"Barge07, Barge48",2,Request190,10,57,321,401,0.0,0.0,1,0.0,0.0,120.0,338.389,398.389,66,57,5,1238.3889999999956
1723,57,Barge26,2,Request190,10,57,321,401,0.0,0.0,0,0.0,0.0,60.0,149.072,209.072,69,57,6,1509.0719999999856
1724,57,Train09,2,Request190,10,57,321,401,0.0,0.0,0,0.0,0.0,360.0,628.71,988.71,71,57,7,1548.7099999999919
1725,57,"Barge03, Truck26",2,Request190,10,57,321,401,0.0,0.0,1,0.0,0.0,420.0,1356.5449999999998,1566.5449999999998,400,57,8,1746.5450000000128
1726,57,"Barge03, Train28",2,Request190,10,57,321,401,0.0,0.0,1,0.0,0.0,420.0,1335.725,1545.725,59,57,9,1885.7250000000058
1727,57,"Barge04, Train28",2,Request190,10,57,321,401,0.0,0.0,1,0.0,0.0,420.0,1215.7250000000001,1425.725,61,57,10,1885.7250000000058
1728,58,Barge26,2,Request191,11,58,391,502,27.0,0.0,0,27.0,0.0,66.0,163.9792,526.9792,69,58,1,526.9792000000016
1729,58,Barge27,2,Request191,11,58,391,502,0.0,0.0,0,0.0,0.0,66.0,163.9792,229.9792,70,58,2,746.9792000000016
1730,58,"Barge08, Train28",2,Request191,11,58,391,502,0.0,0.0,1,0.0,0.0,462.0,809.2975,1040.2975000000001,68,58,3,1128.297499999986
1731,58,Train10,2,Request191,11,58,391,502,0.0,0.0,0,0.0,0.0,396.0,691.581,1087.5810000000001,72,58,4,1307.5810000000056
1732,58,Train11,2,Request191,11,58,391,502,0.0,0.0,0,0.0,0.0,396.0,691.581,1087.5810000000001,73,58,5,1571.5810000000056
1733,58,Train12,2,Request191,11,58,391,502,0.0,0.0,0,0.0,0.0,396.0,691.581,1087.5810000000001,74,58,6,1725.5810000000056
1734,58,"Barge08, Truck26",2,Request191,11,58,391,502,0.0,0.0,1,0.0,0.0,462.0,1657.1994999999997,1888.1994999999997,410,58,7,1976.199499999988
1735,59,Barge31,2,Request192,27,59,348,516,68.0,0.0,0,68.0,0.0,162.0,427.6503,2425.6503,120,59,1,2425.6503000000084
1736,59,"Barge18, Truck29",2,Request192,27,59,348,516,0.0,0.0,1,0.0,0.0,1134.0,2176.4862000000003,2743.4862000000003,477,59,2,2905.486200000014
1737,59,"Barge26, Barge49",2,Request192,27,59,348,516,0.0,0.0,1,0.0,0.0,324.0,1140.3841499999999,1302.3841499999999,119,59,3,3192.384149999998
1738,59,"Barge04, Barge48, Barge49",2,Request192,27,59,348,516,0.0,0.0,2,0.0,0.0,486.0,3028.54005,3190.54005,93,59,4,3271.5400500000105
1739,59,"Barge05, Barge48, Barge49",2,Request192,27,59,348,516,0.0,0.0,2,0.0,0.0,486.0,2704.54005,2866.54005,97,59,5,3271.5400500000105
1740,59,"Barge06, Barge48, Barge49",2,Request192,27,59,348,516,0.0,0.0,2,0.0,0.0,486.0,2380.54005,2542.54005,101,59,6,3271.5400500000105
1741,59,"Barge07, Barge48, Barge49",2,Request192,27,59,348,516,0.0,0.0,2,0.0,0.0,486.0,2056.54005,2218.54005,105,59,7,3271.5400500000105
1742,59,"Barge19, Truck29",2,Request192,27,59,348,516,0.0,0.0,1,0.0,0.0,1134.0,2176.4862000000003,2743.4862000000003,478,59,8,3391.486200000014
1743,59,"Barge05, Barge48, Truck32",2,Request192,27,59,348,516,0.0,0.0,2,0.0,0.0,1296.0,2488.6278,3055.6278,447,59,9,3460.6277999999875
1744,59,"Barge04, Barge48, Truck32",2,Request192,27,59,348,516,0.0,0.0,2,0.0,0.0,1296.0,2812.6278,3379.6278,439,59,10,3460.6277999999875
1745,60,"Barge33, Barge48, Truck33",2,Request193,7,60,366,433,21.0,0.0,2,21.0,0.0,336.0,726.62275,1020.62275,696,60,1,1020.6227500000095
1746,60,Train22,2,Request193,7,60,366,433,0.0,0.0,0,0.0,0.0,252.0,550.12125,802.12125,283,60,2,1138.1212499999965
1747,60,"Barge36, Train30",2,Request193,7,60,366,433,0.0,0.0,1,0.0,0.0,294.0,568.9194,715.9194,278,60,3,1160.4194000000134
1748,60,"Barge33, Barge47, Train30",2,Request193,7,60,366,433,0.0,0.0,2,0.0,0.0,336.0,756.9632,903.9632000000001,273,60,4,1180.4631999999983
1749,60,"Barge33, Barge48, Train32",2,Request193,7,60,366,433,0.0,0.0,2,0.0,0.0,336.0,738.6574999999999,885.6574999999999,274,60,5,1211.1575000000012
1750,60,"Barge33, Train28, Truck33",2,Request193,7,60,366,433,0.0,0.0,2,0.0,0.0,546.0,1193.7579500000002,1340.7579500000002,700,60,6,1487.7579499999993
1751,60,"Barge33, Train27, Train30",2,Request193,7,60,366,433,0.0,0.0,2,0.0,0.0,546.0,1170.7927,1317.7927,275,60,7,1594.2926999999909
1752,60,"Train19, Truck33",2,Request193,7,60,366,433,0.0,0.0,1,0.0,0.0,504.0,1061.26125,1313.26125,705,60,8,1628.2612500000105
1753,60,"Train17, Train30",2,Request193,7,60,366,433,0.0,0.0,1,0.0,0.0,504.0,957.9465,1209.9465,279,60,9,1675.446499999991
1754,60,"Train18, Train30",2,Request193,7,60,366,433,0.0,0.0,1,0.0,0.0,504.0,789.9465,1041.9465,280,60,10,1675.446499999991
1755,61,Train23,2,Request194,17,61,352,458,63.0,0.0,0,63.0,0.0,612.0,2761.08475,4444.08475,298,61,1,4444.084750000009
1756,61,"Barge33, Barge48, Train33",2,Request194,17,61,352,458,0.0,0.0,2,0.0,0.0,816.0,3325.0257500000002,3682.0257500000002,289,61,2,4447.025750000001
1757,61,"Barge33, Train28, Train33",2,Request194,17,61,352,458,0.0,0.0,2,0.0,0.0,1326.0,4493.49695,4850.49695,291,61,3,5615.496950000001
1758,61,"Train19, Train33",2,Request194,17,61,352,458,0.0,0.0,1,0.0,0.0,1224.0,4188.71925,4800.71925,296,61,4,5973.719249999995
1759,61,"Train20, Train33",2,Request194,17,61,352,458,0.0,0.0,1,0.0,0.0,1224.0,3780.71925,4392.71925,297,61,5,5973.719249999995
1760,61,"Barge33, Truck26, Train33",2,Request194,17,61,352,458,0.0,0.0,2,0.0,0.0,1326.0,5457.090950000001,5814.090950000001,717,61,6,6579.0909500000125
1761,61,"Barge35, Truck31",2,Request194,17,61,352,458,0.0,0.0,1,0.0,0.0,714.0,6384.638150000001,6741.638150000001,723,61,7,6928.638150000013
1762,61,"Barge33, Truck26, Train33",2,Request194,17,61,352,458,0.0,0.0,2,0.0,0.0,1326.0,5967.090950000001,6324.090950000001,721,61,8,7089.0909500000125
1763,61,"Barge33, Barge48, Truck34",2,Request194,17,61,352,458,0.0,0.0,2,0.0,0.0,816.0,6244.01075,6601.01075,718,61,9,7196.010749999987
1764,61,"Barge36, Truck31",2,Request194,17,61,352,458,0.0,0.0,1,0.0,0.0,714.0,6384.638150000001,6741.638150000001,724,61,10,7744.638150000013
1765,62,Train14,2,Request195,16,62,316,383,108.0,48.0,0,108.0,48.0,576.0,1173.592,4245.592000000001,180,62,1,4245.592000000004
1766,62,"Barge03, Barge47, Train30",2,Request195,16,62,316,383,0.0,0.0,2,0.0,0.0,768.0,2498.748,2834.748,139,62,2,4298.747999999992
1767,62,"Barge04, Barge47, Train30",2,Request195,16,62,316,383,0.0,0.0,2,0.0,0.0,768.0,2306.748,2642.748,143,62,3,4298.747999999992
1768,62,"Barge05, Barge47, Train30",2,Request195,16,62,316,383,0.0,0.0,2,0.0,0.0,768.0,2114.748,2450.748,147,62,4,4298.747999999992
1769,62,"Barge06, Barge47, Train30",2,Request195,16,62,316,383,0.0,0.0,2,0.0,0.0,768.0,1922.748,2258.748,151,62,5,4298.747999999992
1770,62,"Barge07, Barge47, Train30",2,Request195,16,62,316,383,0.0,0.0,2,0.0,0.0,768.0,1730.748,2066.748,155,62,6,4298.747999999992
1771,62,"Barge03, Barge48, Train32",2,Request195,16,62,316,383,0.0,0.0,2,0.0,0.0,768.0,2456.9064,2792.9064,140,62,7,4368.906400000007
1772,62,"Barge04, Barge48, Train32",2,Request195,16,62,316,383,0.0,0.0,2,0.0,0.0,768.0,2264.9064,2600.9064,144,62,8,4368.906400000007
1773,62,"Barge05, Barge48, Train32",2,Request195,16,62,316,383,0.0,0.0,2,0.0,0.0,768.0,2072.9064,2408.9064,148,62,9,4368.906400000007
1774,62,"Barge06, Barge48, Train32",2,Request195,16,62,316,383,0.0,0.0,2,0.0,0.0,768.0,1880.9064,2216.9064,152,62,10,4368.906400000007
1775,63,Train15,2,Request196,30,63,326,428,61.0,0.0,0,61.0,0.0,1080.0,4715.325000000001,7625.325000000001,232,63,1,7625.325000000012
1776,63,Train16,2,Request196,30,63,326,428,0.0,0.0,0,0.0,0.0,1080.0,4715.325000000001,5795.325000000001,233,63,2,9725.325000000012
1777,63,"Barge17, Truck31",2,Request196,30,63,326,428,0.0,0.0,1,0.0,0.0,1260.0,11253.033,11883.033,636,63,3,12543.032999999996
1778,63,"Barge18, Truck31",2,Request196,30,63,326,428,0.0,0.0,1,0.0,0.0,1260.0,11253.033,11883.033,637,63,4,12723.032999999996
1779,63,"Barge19, Truck31",2,Request196,30,63,326,428,0.0,0.0,1,0.0,0.0,1260.0,11253.033,11883.033,638,63,5,13263.032999999996
1780,63,"Barge03, Barge48, Truck34",2,Request196,30,63,326,428,0.0,0.0,2,0.0,0.0,1440.0,12459.866999999998,13089.866999999998,591,63,6,13479.866999999998
1781,63,"Barge04, Barge48, Truck34",2,Request196,30,63,326,428,0.0,0.0,2,0.0,0.0,1440.0,12099.866999999998,12729.866999999998,599,63,7,13479.866999999998
1782,63,"Barge05, Barge48, Truck34",2,Request196,30,63,326,428,0.0,0.0,2,0.0,0.0,1440.0,11739.866999999998,12369.866999999998,607,63,8,13479.866999999998
1783,63,"Barge06, Barge48, Truck34",2,Request196,30,63,326,428,0.0,0.0,2,0.0,0.0,1440.0,11379.866999999998,12009.866999999998,615,63,9,13479.866999999998
1784,63,"Barge07, Barge48, Truck34",2,Request196,30,63,326,428,0.0,0.0,2,0.0,0.0,1440.0,11019.866999999998,11649.866999999998,623,63,10,13479.866999999998
1785,64,"Barge26, Train32",2,Request197,9,64,329,461,89.0,0.0,1,89.0,0.0,378.0,644.62455,1634.62455,170,64,1,1634.6245500000077
1786,64,"Barge03, Barge48, Train32",2,Request197,9,64,329,461,0.0,0.0,2,0.0,0.0,432.0,1382.00985,1571.00985,140,64,2,1661.0098500000022
1787,64,"Barge04, Barge48, Train32",2,Request197,9,64,329,461,0.0,0.0,2,0.0,0.0,432.0,1274.00985,1463.00985,144,64,3,1661.0098500000022
1788,64,"Barge05, Barge48, Train32",2,Request197,9,64,329,461,0.0,0.0,2,0.0,0.0,432.0,1166.00985,1355.00985,148,64,4,1661.0098500000022
1789,64,"Barge06, Barge48, Train32",2,Request197,9,64,329,461,0.0,0.0,2,0.0,0.0,432.0,1058.0098500000001,1247.00985,152,64,5,1661.0098500000022
1790,64,"Barge03, Barge47, Train30",2,Request197,9,64,329,461,0.0,0.0,2,0.0,0.0,432.0,1405.54575,1594.54575,139,64,6,1684.5457499999902
1791,64,"Barge04, Barge47, Train30",2,Request197,9,64,329,461,0.0,0.0,2,0.0,0.0,432.0,1297.54575,1486.54575,143,64,7,1684.5457499999902
1792,64,"Barge05, Barge47, Train30",2,Request197,9,64,329,461,0.0,0.0,2,0.0,0.0,432.0,1189.54575,1378.54575,147,64,8,1684.5457499999902
1793,64,"Barge06, Barge47, Train30",2,Request197,9,64,329,461,0.0,0.0,2,0.0,0.0,432.0,1081.54575,1270.54575,151,64,9,1684.5457499999902
1794,64,"Barge01, Barge36, Train30",2,Request197,9,64,329,461,0.0,0.0,2,0.0,0.0,432.0,955.8531,1144.8531,131,64,10,1684.8531000000075
1795,65,Train25,2,Request198,30,65,335,384,28.0,0.0,0,28.0,0.0,1080.0,1728.9524999999999,3648.9525,314,65,1,3648.952500000014
1796,65,"Barge40, Barge48",2,Request198,30,65,335,384,0.0,0.0,1,0.0,0.0,360.0,2399.265,2579.265,309,65,2,3809.265000000014
1797,65,"Barge41, Barge48",2,Request198,30,65,335,384,0.0,0.0,1,0.0,0.0,360.0,959.265,1139.2649999999999,311,65,3,3809.265000000014
1798,65,"Barge40, Truck26",2,Request198,30,65,335,384,0.0,0.0,1,0.0,0.0,1260.0,4013.733,4643.733,733,65,4,4823.733000000007
1799,65,"Barge40, Truck26",2,Request198,30,65,335,384,0.0,0.0,1,0.0,0.0,1260.0,4463.733,5093.733,734,65,5,5273.733000000007
1800,65,"Barge40, Train28",2,Request198,30,65,335,384,0.0,0.0,1,0.0,0.0,1260.0,3951.273,4581.273,310,65,6,5751.2729999999865
1801,65,"Barge41, Train28",2,Request198,30,65,335,384,0.0,0.0,1,0.0,0.0,1260.0,2511.273,3141.273,312,65,7,5751.2729999999865
1802,65,Train26,2,Request198,30,65,335,384,0.0,0.0,0,0.0,0.0,1080.0,1728.9524999999999,2808.9525,315,65,8,6063.952500000014
1803,65,"Barge41, Truck26",2,Request198,30,65,335,384,0.0,0.0,1,0.0,0.0,1260.0,4013.733,4643.733,735,65,9,6659.733000000007
1804,65,"Barge41, Truck26",2,Request198,30,65,335,384,0.0,0.0,1,0.0,0.0,1260.0,4463.733,5093.733,736,65,10,7109.733000000007
1805,0,Train23,3,Request199,5,0,490,594,93.0,4.5,0,93.0,4.5,180.0,812.08375,1479.5837499999998,298,0,1,1479.5837499999907
1806,0,"Barge35, Train31",3,Request199,5,0,490,594,0.0,0.0,1,0.0,0.0,210.0,1096.70725,1201.70725,292,0,2,1581.7072500000068
1807,0,"Barge36, Train31",3,Request199,5,0,490,594,0.0,0.0,1,0.0,0.0,210.0,856.70725,961.70725,293,0,3,1581.7072500000068
1808,0,"Barge32, Barge47, Train31",3,Request199,5,0,490,594,0.0,0.0,2,0.0,0.0,240.0,1231.02425,1336.02425,284,0,4,1596.0242499999877
1809,0,"Barge33, Barge47, Train31",3,Request199,5,0,490,594,0.0,0.0,2,0.0,0.0,240.0,991.0242499999999,1096.02425,288,0,5,1596.0242499999877
1810,0,"Barge32, Barge48, Train33",3,Request199,5,0,490,594,0.0,0.0,2,0.0,0.0,240.0,1217.94875,1322.94875,285,0,6,1617.9487500000105
1811,0,"Barge33, Barge48, Train33",3,Request199,5,0,490,594,0.0,0.0,2,0.0,0.0,240.0,977.94875,1082.94875,289,0,7,1617.9487500000105
1812,0,"Barge32, Train27, Train31",3,Request199,5,0,490,594,0.0,0.0,2,0.0,0.0,390.0,1526.6167500000001,1631.6167500000001,286,0,8,1891.6167499999865
1813,0,"Barge33, Train27, Train31",3,Request199,5,0,490,594,0.0,0.0,2,0.0,0.0,390.0,1286.6167500000001,1391.6167500000001,290,0,9,1891.6167499999865
1814,0,"Train17, Train31",3,Request199,5,0,490,594,0.0,0.0,1,0.0,0.0,360.0,1134.58375,1314.5837499999998,294,0,10,1949.5837499999907
1815,1,Barge21,3,Request200,11,1,546,661,18.0,0.0,0,18.0,0.0,66.0,133.2331,397.2331,41,1,1,397.2331000000122
1816,1,Barge22,3,Request200,11,1,546,661,0.0,0.0,0,0.0,0.0,66.0,133.2331,199.23309999999998,42,1,2,463.2331000000122
1817,1,"Barge01, Barge36",3,Request200,11,1,546,661,0.0,0.0,1,0.0,0.0,132.0,412.60615,478.60615,18,1,3,599.6061500000069
1818,1,Barge23,3,Request200,11,1,546,661,0.0,0.0,0,0.0,0.0,66.0,133.2331,199.23309999999998,43,1,4,727.2331000000122
1819,1,"Barge07, Barge47",3,Request200,11,1,546,661,0.0,0.0,1,0.0,0.0,132.0,615.7305,681.7305,32,1,5,780.7305000000051
1820,1,"Barge08, Barge47",3,Request200,11,1,546,661,0.0,0.0,1,0.0,0.0,132.0,483.73049999999995,549.7305,34,1,6,780.7305000000051
1821,1,"Barge09, Barge47",3,Request200,11,1,546,661,0.0,0.0,1,0.0,0.0,132.0,351.7305,417.73049999999995,36,1,7,780.7305000000051
1822,1,Barge24,3,Request200,11,1,546,661,0.0,0.0,0,0.0,0.0,66.0,133.2331,199.23309999999998,44,1,8,793.2331000000122
1823,1,"Barge02, Barge43",3,Request200,11,1,546,661,0.0,0.0,1,0.0,0.0,132.0,649.85745,715.85745,21,1,9,836.8574500000104
1824,1,Train05,3,Request200,11,1,546,661,0.0,0.0,0,0.0,0.0,396.0,461.05400000000003,857.054,50,1,10,1022.0540000000037
